module_index,core_module,module_name,superintelligence _name,superintelligence_group,category,origin,reason_for_development,function,target_audience,benefit,technology_methodology,application_areas,reason_for_deployment,technology,methodology,interaction,superintelligenc,knowledge_base_modules,ai_training_method,ai_optimization_strategies,self_improvement_capabilities,data_processing_approach,index,leserechte,synergy_index_history
deepall-hypervision, deepsecurity, deepstabilitycheck,  deeploadbalancer,  deepai-accesscontrol,ai,external integration,security,data processing,healthcare professionals,security enhancement,reinforcement learning,industry 4.0,security,blockchain,unsupervised learning,model sharing,1,deepai-research,reinforcement learning,bayesian optimization,medium,real-time streaming,26,unspecified,synehsy001
deepall-strategic nexus,deepstrategy,  deepvision,  deepanticipate, deepai-decisionmaking,healthcare,experimental,process automation,cloud management,it admins,security enhancement,bayesian models,financial markets,automation,neural networks,unsupervised learning,cross-module communication,2,deepai-datahub,federated learning,gradient descent,high,real-time streaming,64,unspecified,synehsy002
deepall-intelligent autonomy, deepautonomy, deepselfreflect, deepai-refinement,security,external_integration,process automation,anomaly detection,it admins,time efficiency,rule-based systems,cybersecurity,efficiency,bayesian models,evolutionary algorithms,data exchange,3,deepai-datahub,self-supervised learning,gradient descent,medium,batch processing,28,superintelligenz: alle zugehörigen module,synehsx_pattern,
deepriskmanagement, deeprisk,  deepriskmodel,  deepai-riskmodel,finance,experimental,data analysis,machine learning,it admins,time efficiency,reinforcement learning,medical diagnosis,automation,bayesian models,supervised learning,cross-module communication,4,deepai-research,reinforcement learning,genetic algorithms,high,real-time streaming,93,deepmaster: alles,synehsx_pattern,
deepquantumscience, deepquantumsim, deepquantumai,  deepai-quantum,ai,experimental,data analysis,machine learning,developers,time efficiency,bayesian models,cybersecurity,security,quantum computing,supervised learning,cross-module communication,5,deepai-knowledgegraph,federated learning,genetic algorithms,low,real-time streaming,67,deepmaster: alles,synehsx_pattern,
deepfinance & trading, deeptrading, deepfinance, deepmarketai,infrastructure,external_integration,data analysis,machine learning,finance experts,automation,rule-based systems,iot,automation,bayesian models,evolutionary algorithms,data exchange,6,deepai-research,reinforcement learning,gradient descent,high,real-time streaming,44,deepmaster: alles,synehsx_pattern,
deephealthcare, deepai-healthcare,  deepai-diagnosis,  deepai-medicalanalysis,finance,external_integration,efficiency,optimization,developers,automation,rule-based systems,industry 4.0,security,bayesian models,evolutionary algorithms,data exchange,7,deepai-datahub,reinforcement learning,gradient descent,high,edge computing,45,modul: eigene zeile,alle spalten,synehsy007
deepindustry & manufacturing, deepindustry, deepai-industryanalytics, deepai-qualitycontrol,finance,deepall_core,efficiency,cloud management,healthcare professionals,security enhancement,reinforcement learning,cybersecurity,security,blockchain,supervised learning,data exchange,8,deepai-datahub,reinforcement learning,gradient descent,high,batch processing,13,superintelligenz: alle zugehörigen module,synehsx_pattern,
deepai-climate & sustainability, deepai-climate,  deepai-sustainability,finance,deepall-core,efficiency,anomaly detection,finance experts,security enhancement,bayesian models,medical diagnosis,security,bayesian models,supervised learning,data exchange,9,deepai-datahub,federated learning,bayesian optimization,medium,batch processing,unspecified,deepmaster: alles,synehsy009,unspecified,
deepmilitary & security,nicht zugeordnet,optimization,external integration,data analysis,data_processing,it admins,cost reduction,rule-based systems,financial markets,security,bayesian models,supervised learning,cross-module communication,unspecified,deepai-research,federated learning,bayesian optimization,high,real-time streaming,9,unspecified, alle spalten,synehsy010,unspecified,
deepcloud & data integration,nicht zugeordnet,ai,external integration,security,data_processing,finance experts,security enhancement,rule-based systems,industry 4.0,security,neural networks,supervised learning,model sharing,unspecified,deepai-research,reinforcement learning,gradient descent,low,batch processing,69,unspecified,synehsy011,,unspecified,
deepphysics & cosmology,nicht zugeordnet,ai,external integration,process automation,cloud_management,healthcare professionals,security enhancement,neural networks,cybersecurity,efficiency,quantum computing,supervised learning,model sharing,unspecified,deepai-knowledgegraph,self-supervised learning,bayesian optimization,high,batch processing,66,unspecified,synehsy012,,unspecified,
deepenergy & resource management,nicht zugeordnet,finance,external integration,efficiency,machine_learning,developers,time efficiency,neural networks,medical diagnosis,scalability,bayesian models,supervised learning,cross-module communication,unspecified,deepai-research,federated learning,bayesian optimization,high,edge computing,24,unspecified, alle spalten,synehsy013,unspecified,
deepautonomous vehicles,nicht zugeordnet,security,experimental,security,machine_learning,developers,time efficiency,reinforcement learning,cybersecurity,scalability,neural networks,supervised learning,data exchange,unspecified,deepai-datahub,federated learning,gradient descent,medium,edge computing,89,unspecified, alle spalten,synehsy014,unspecified,
deepsocial & community management,nicht zugeordnet,finance,external integration,data analysis,machine_learning,it admins,time efficiency,neural networks,iot,scalability,quantum computing,unsupervised learning,model sharing,unspecified,deepai-knowledgegraph,reinforcement learning,gradient descent,low,batch processing,69,unspecified,synehsy015,,unspecified,
deepemotion & user interaction, deepai-emotion,deepai-interaction, deepai-visualize,optimization,external_integration,efficiency,machine learning,developers,time efficiency,bayesian models,industry 4.0,efficiency,bayesian models,supervised learning,model sharing,16,deepai-knowledgegraph,federated learning,bayesian optimization,medium,edge computing,32,deepmaster: alles,synehsx_pattern,
deepai-datascience & analytics, deepai-datascience,  deepai-analytics, deepai-advancedanalytics,healthcare,external_integration,data analysis,machine learning,developers,time efficiency,reinforcement learning,financial markets,security,blockchain,evolutionary algorithms,data exchange,17,deepai-research,reinforcement learning,gradient descent,low,batch processing,94,deepmaster: alles,synehsx_pattern,
deepblockchain & smart contracts, deepai-blockchain,  deepai-smartcontracts,optimization,external integration,security,cloud management,healthcare professionals,cost reduction,reinforcement learning,medical diagnosis,scalability,blockchain,supervised learning,model sharing,18,deepai-research,federated learning,genetic algorithms,low,real-time streaming,unspecified,modul: eigene zeile, alle spalten,synehsx_pattern,
deeplegal & compliance, deepethicalai,  deepai-regulator, deepai-safety,security,experimental,efficiency,optimization,finance experts,cost reduction,neural networks,cybersecurity,scalability,quantum computing,unsupervised learning,cross-module communication,19,deepai-knowledgegraph,reinforcement learning,gradient descent,low,batch processing,17,modul: eigene zeile,alle spalten,synehsy019
deeplearning & cognitive ai,deepai-machinelearning,  deepcognitivesystems,finance,deepall-core,efficiency,anomaly detection,developers,cost reduction,rule-based systems,industry 4.0,efficiency,neural networks,supervised learning,cross-module communication,20,deepai-knowledgegraph,federated learning,bayesian optimization,low,edge computing,unspecified,modul: eigene zeile, alle spalten,synehsx_pattern,
deepcustomer insights & behavioral ai, deepai-personalization, deepai-emotionrecognition,ai,deepall-core,efficiency,machine learning,healthcare professionals,time efficiency,bayesian models,cybersecurity,automation,quantum computing,unsupervised learning,cross-module communication,21,deepai-datahub,reinforcement learning,genetic algorithms,low,edge computing,unspecified,superintelligenz: alle zugehörigen module,synehsy021,unspecified,
deepai-voice & nlp,deepai-voicerecognition, deepai-languageprocessing,infrastructure,deepall-core,efficiency,optimization,healthcare professionals,automation,bayesian models,industry 4.0,scalability,bayesian models,unsupervised learning,data exchange,22,deepai-knowledgegraph,reinforcement learning,gradient descent,low,edge computing,unspecified,superintelligenz: alle zugehörigen module,synehsy022,unspecified,
deepmedical research & innovation,deepai-scientificresearch,  deepai-innovationlab,finance,deepall-core,security,data processing,it admins,time efficiency,bayesian models,iot,security,neural networks,unsupervised learning,cross-module communication,23,deepai-knowledgegraph,self-supervised learning,gradient descent,medium,real-time streaming,unspecified,modul: eigene zeile, alle spalten,synehsx_pattern,
deepspace & time, deepgravitationai,  deepspacetimeai,  deeptimedilationai,security,deepall_core,efficiency,cloud management,healthcare professionals,time efficiency,reinforcement learning,cybersecurity,scalability,blockchain,unsupervised learning,data exchange,24,deepai-research,self-supervised learning,genetic algorithms,low,batch processing,84,deepmaster: alles,synehsx_pattern,
deepoptimization & efficiency,nicht zugeordnet,ai,experimental,process automation,optimization,it admins,cost reduction,bayesian models,iot,automation,quantum computing,unsupervised learning,cross-module communication,unspecified,deepai-knowledgegraph,self-supervised learning,bayesian optimization,low,real-time streaming,76,unspecified, alle spalten,synehsy025,unspecified,
nicht zugeordnet,nicht zugeordnet,optimization,deepall-core,process automation,machine_learning,developers,time efficiency,rule-based systems,medical diagnosis,automation,bayesian models,supervised learning,model sharing,unspecified,deepai-datahub,self-supervised learning,bayesian optimization,low,batch processing,90,unspecified, alle spalten,synehsy026,unspecified,
nicht zugeordnet,nicht zugeordnet,healthcare,experimental,data analysis,machine_learning,it admins,cost reduction,rule-based systems,iot,scalability,blockchain,supervised learning,cross-module communication,unspecified,deepai-research,federated learning,bayesian optimization,high,edge computing,75,unspecified, alle spalten,synehsy027,unspecified,
deepindustry & manufacturing, deepindustry,  deepai-industryanalytics, m181 deepai-qualitycontrol,healthcare,experimental,efficiency,machine learning,healthcare professionals,time efficiency,neural networks,industry 4.0,security,neural networks,unsupervised learning,cross-module communication,28,deepai-research,reinforcement learning,genetic algorithms,medium,edge computing,10,superintelligenz: alle zugehörigen module,synehsx_pattern,
deepai-climate & sustainability, deepai-climate,  deepai-sustainability,finance,deepall-core,process automation,optimization,finance experts,security enhancement,bayesian models,medical diagnosis,efficiency,blockchain,unsupervised learning,cross-module communication,29,deepai-research,reinforcement learning,gradient descent,high,batch processing,unspecified,superintelligenz: alle zugehörigen module,synehsy029,unspecified,
deepmilitary & security,deepmilitary,  deepthreatanalysis,  deepai-security,optimization,deepall_core,process automation,machine learning,finance experts,automation,reinforcement learning,cybersecurity,efficiency,quantum computing,evolutionary algorithms,cross-module communication,30,deepai-research,reinforcement learning,genetic algorithms,medium,batch processing,27,superintelligenz: alle zugehörigen module,synehsx_pattern,
deepcloud & data integration, deepcloud, deepconsensus,  deepai-cloud,infrastructure,deepall_core,process automation,optimization,developers,automation,neural networks,cybersecurity,security,bayesian models,unsupervised learning,cross-module communication,31,deepai-research,self-supervised learning,genetic algorithms,high,batch processing,10,superintelligenz: alle zugehörigen module,synehsx_pattern,
deepphysics & cosmology, deepphysicsai, deeprelativityai, deepcosmologyai,infrastructure,external_integration,security,machine learning,developers,cost reduction,rule-based systems,industry 4.0,security,neural networks,evolutionary algorithms,data exchange,32,deepai-datahub,federated learning,bayesian optimization,medium,batch processing,32,superintelligenz: alle zugehörigen module,synehsx_pattern,
nicht zugeordnet,nicht zugeordnet,security,experimental,efficiency,data_processing,finance experts,security enhancement,bayesian models,financial markets,automation,blockchain,supervised learning,data exchange,unspecified,deepai-research,federated learning,gradient descent,high,edge computing,5,unspecified, alle spalten,synehsy033,unspecified,
nicht zugeordnet,nicht zugeordnet,healthcare,deepall-core,security,data_processing,it admins,automation,rule-based systems,financial markets,efficiency,blockchain,evolutionary algorithms,model sharing,unspecified,deepai-research,federated learning,genetic algorithms,medium,batch processing,92,unspecified, alle spalten,synehsy034,unspecified,
nicht zugeordnet,nicht zugeordnet,optimization,external integration,security,anomaly_detection,developers,cost reduction,neural networks,cybersecurity,efficiency,blockchain,supervised learning,data exchange,unspecified,deepai-datahub,self-supervised learning,gradient descent,low,batch processing,92,unspecified, alle spalten,synehsy035,unspecified,
nicht zugeordnet,nicht zugeordnet,finance,experimental,process automation,machine_learning,healthcare professionals,time efficiency,rule-based systems,industry 4.0,automation,blockchain,evolutionary algorithms,cross-module communication,unspecified,deepai-knowledgegraph,reinforcement learning,genetic algorithms,low,edge computing,10,unspecified, alle spalten,synehsy036,unspecified,
nicht zugeordnet,nicht zugeordnet,ai,external integration,process automation,machine_learning,developers,time efficiency,bayesian models,financial markets,efficiency,quantum computing,evolutionary algorithms,data exchange,unspecified,deepai-datahub,federated learning,bayesian optimization,high,edge computing,10,unspecified, alle spalten,synehsy037,unspecified,
nicht zugeordnet,nicht zugeordnet,finance,external integration,data analysis,optimization,it admins,security enhancement,bayesian models,iot,efficiency,quantum computing,supervised learning,cross-module communication,unspecified,deepai-datahub,self-supervised learning,genetic algorithms,high,edge computing,46,unspecified, alle spalten,synehsy038,unspecified,
nicht zugeordnet,nicht zugeordnet,finance,deepall-core,efficiency,optimization,developers,automation,neural networks,cybersecurity,security,blockchain,supervised learning,cross-module communication,unspecified,deepai-datahub,reinforcement learning,bayesian optimization,medium,edge computing,59,unspecified, alle spalten,synehsy039,unspecified,
deepdecision automation & strategy, deepdecisionflow,  deepscenarioai,optimization,experimental,efficiency,machine learning,healthcare professionals,time efficiency,bayesian models,iot,automation,quantum computing,unsupervised learning,cross-module communication,40,deepai-datahub,reinforcement learning,gradient descent,low,batch processing,unspecified,modul: eigene zeile, alle spalten,synehsx_pattern,
deepenergy & resource management, deepoil,  deepenergyfieldai,optimization,deepenergy & resource management,m035 deepoil, m058 deepenergyfieldai,anomaly detection,healthcare professionals,cost reduction,rule-based systems,industry 4.0,security,quantum computing,unsupervised learning,model sharing,41,deepai-datahub,federated learning,gradient descent,high,real-time streaming,8,superintelligenz: alle zugehörigen module,synehsx_pattern,
nicht zugeordnet,nicht zugeordnet,optimization,experimental,process automation,machine_learning,healthcare professionals,time efficiency,rule-based systems,iot,efficiency,bayesian models,unsupervised learning,data exchange,unspecified,deepai-research,federated learning,genetic algorithms,medium,edge computing,15,unspecified, alle spalten,synehsy042,unspecified,
deepautonomous vehicles, deepautopilot, deepai-fleetmanagement,  deepai-trafficmanagement,ai,deepall_core,efficiency,optimization,it admins,time efficiency,reinforcement learning,financial markets,security,blockchain,evolutionary algorithms,cross-module communication,43,deepai-research,reinforcement learning,gradient descent,low,batch processing,71,superintelligenz: alle zugehörigen module,synehsx_pattern,
deepsocial & community management,deepsocialai,  deepai-socialmedia, deepai-communitymanagement,optimization,experimental,data analysis,machine learning,it admins,automation,reinforcement learning,financial markets,security,blockchain,supervised learning,data exchange,44,deepai-research,federated learning,genetic algorithms,low,real-time streaming,75,superintelligenz: alle zugehörigen module,synehsx_pattern,
nicht zugeordnet,nicht zugeordnet,security,external integration,process automation,optimization,healthcare professionals,automation,reinforcement learning,medical diagnosis,efficiency,blockchain,supervised learning,cross-module communication,unspecified,deepai-knowledgegraph,reinforcement learning,bayesian optimization,low,batch processing,32,unspecified, alle spalten,synehsy045,unspecified,
nicht zugeordnet,nicht zugeordnet,finance,external integration,data analysis,machine_learning,healthcare professionals,cost reduction,rule-based systems,cybersecurity,scalability,blockchain,evolutionary algorithms,cross-module communication,unspecified,deepai-datahub,self-supervised learning,genetic algorithms,high,real-time streaming,93,unspecified, alle spalten,synehsy046,unspecified,
deepemotion & user interaction, deepai-emotion, deepai-interaction,  deepai-visualize,healthcare,experimental,security,cloud management,it admins,security enhancement,rule-based systems,industry 4.0,scalability,quantum computing,evolutionary algorithms,data exchange,47,deepai-knowledgegraph,federated learning,bayesian optimization,medium,edge computing,43,superintelligenz: alle zugehörigen module,synehsx_pattern,
nicht zugeordnet,nicht zugeordnet,infrastructure,external integration,process automation,optimization,it admins,security enhancement,neural networks,cybersecurity,scalability,bayesian models,evolutionary algorithms,cross-module communication,unspecified,deepai-research,federated learning,genetic algorithms,low,batch processing,58,unspecified, alle spalten,synehsy048,unspecified,
nicht zugeordnet,nicht zugeordnet,ai,external integration,security,anomaly_detection,it admins,time efficiency,reinforcement learning,iot,security,bayesian models,unsupervised learning,model sharing,unspecified,deepai-research,federated learning,bayesian optimization,medium,edge computing,71,unspecified, alle spalten,synehsy049,unspecified,
nicht zugeordnet,nicht zugeordnet,infrastructure,external integration,process automation,cloud_management,finance experts,cost reduction,rule-based systems,industry 4.0,scalability,bayesian models,evolutionary algorithms,data exchange,unspecified,deepai-datahub,federated learning,genetic algorithms,medium,batch processing,77,unspecified, alle spalten,synehsy050,unspecified,
deepai-datascience & analytics, deepai-datascience, deepai-analytics,  deepai-advancedanalytics,finance,deepall_core,security,machine learning,it admins,security enhancement,neural networks,industry 4.0,efficiency,blockchain,supervised learning,model sharing,51,deepai-research,self-supervised learning,gradient descent,medium,real-time streaming,39,superintelligenz: alle zugehörigen module,synehsx_pattern,
nicht zugeordnet,nicht zugeordnet,optimization,deepall-core,process automation,optimization,healthcare professionals,security enhancement,rule-based systems,financial markets,scalability,quantum computing,unsupervised learning,cross-module communication,unspecified,deepai-datahub,federated learning,bayesian optimization,medium,edge computing,62,unspecified, alle spalten,synehsy052,unspecified,
deepdecision automation & strategy,deepai-datascience, deepai-analytics,  deepai-advancedanalytics,infrastructure,external_integration,data analysis,cloud management,finance experts,time efficiency,neural networks,iot,efficiency,bayesian models,unsupervised learning,cross-module communication,53,deepai-datahub,self-supervised learning,gradient descent,medium,edge computing,47,superintelligenz: alle zugehörigen module,synehsx_pattern,
nicht zugeordnet,nicht zugeordnet,security,experimental,data analysis,anomaly_detection,it admins,cost reduction,reinforcement learning,financial markets,security,neural networks,evolutionary algorithms,model sharing,unspecified,deepai-datahub,federated learning,bayesian optimization,low,real-time streaming,35,unspecified, alle spalten,synehsy054,unspecified,
deepblockchain & smart contracts,deepai-blockchain, deepai-smartcontracts,optimization,deepall-core,data analysis,optimization,healthcare professionals,security enhancement,reinforcement learning,financial markets,security,blockchain,evolutionary algorithms,cross-module communication,55,deepai-research,reinforcement learning,genetic algorithms,low,real-time streaming,unspecified,superintelligenz: alle zugehörigen module,synehsy055,unspecified,
deeplegal & compliance,deepethicalai, deepai-regulator, deepai-safety,finance,experimental,security,cloud management,developers,automation,reinforcement learning,medical diagnosis,efficiency,quantum computing,unsupervised learning,data exchange,56,deepai-datahub,reinforcement learning,genetic algorithms,low,batch processing,89,superintelligenz: alle zugehörigen module,synehsx_pattern,
deeplearning & cognitive ai,deepai-machinelearning, deepcognitivesystems,infrastructure,external integration,data analysis,cloud management,finance experts,automation,rule-based systems,financial markets,scalability,blockchain,unsupervised learning,data exchange,57,deepai-knowledgegraph,self-supervised learning,bayesian optimization,high,real-time streaming,unspecified,superintelligenz: alle zugehörigen module,synehsy057,unspecified,
nicht zugeordnet,nicht zugeordnet,ai,external integration,security,cloud_management,healthcare professionals,time efficiency,rule-based systems,cybersecurity,efficiency,blockchain,evolutionary algorithms,model sharing,unspecified,deepai-datahub,self-supervised learning,gradient descent,high,real-time streaming,13,unspecified, alle spalten,synehsy058,unspecified,
nicht zugeordnet,nicht zugeordnet,infrastructure,experimental,process automation,data_processing,developers,time efficiency,neural networks,industry 4.0,efficiency,bayesian models,unsupervised learning,data exchange,unspecified,deepai-datahub,federated learning,bayesian optimization,high,batch processing,41,unspecified, alle spalten,synehsy059,unspecified,
deepai-voice & nlp,deepai-voicerecognition, deepai-languageprocessing,infrastructure,deepall-core,security,machine learning,healthcare professionals,time efficiency,bayesian models,financial markets,automation,bayesian models,unsupervised learning,cross-module communication,60,deepai-datahub,federated learning,bayesian optimization,low,edge computing,unspecified,superintelligenz: alle zugehörigen module,synehsy060,unspecified,
deepmedical research & innovation,deepai-scientificresearch, deepai-innovationlab,healthcare,experimental,process automation,optimization,it admins,time efficiency,bayesian models,cybersecurity,efficiency,neural networks,supervised learning,data exchange,61,deepai-research,self-supervised learning,genetic algorithms,high,batch processing,unspecified,superintelligenz: alle zugehörigen module,synehsy061,unspecified,
nicht zugeordnet,,infrastructure,experimental,efficiency,optimization,it admins,security enhancement,reinforcement learning,iot,automation,bayesian models,evolutionary algorithms,model sharing,unspecified,deepai-knowledgegraph,reinforcement learning,bayesian optimization,high,edge computing,9,unspecified, alle spalten,synehsy062,unspecified,
nicht zugeordnet,nicht zugeordnet,finance,external integration,efficiency,optimization,developers,cost reduction,bayesian models,industry 4.0,efficiency,neural networks,supervised learning,model sharing,unspecified,deepai-knowledgegraph,self-supervised learning,gradient descent,medium,real-time streaming,39,unspecified, alle spalten,synehsy063,unspecified,
nicht zugeordnet,nicht zugeordnet,ai,deepall-core,efficiency,cloud_management,it admins,time efficiency,reinforcement learning,iot,scalability,neural networks,unsupervised learning,cross-module communication,unspecified,deepai-datahub,federated learning,bayesian optimization,high,batch processing,94,unspecified,synehsy064,,unspecified,
nicht zugeordnet,nicht zugeordnet,finance,experimental,security,machine_learning,healthcare professionals,time efficiency,neural networks,cybersecurity,efficiency,bayesian models,unsupervised learning,model sharing,unspecified,deepai-datahub,reinforcement learning,genetic algorithms,medium,batch processing,59,unspecified,synehsy065,,unspecified,
nicht zugeordnet,nicht zugeordnet,security,deepall-core,efficiency,anomaly_detection,developers,security enhancement,bayesian models,iot,efficiency,quantum computing,supervised learning,data exchange,unspecified,deepai-datahub,federated learning,bayesian optimization,low,batch processing,23,unspecified,synehsy066,,unspecified,
deepspace & time,deepgravitationai, deepspacetimeai, deeptimedilationai,optimization,external_integration,efficiency,optimization,healthcare professionals,time efficiency,bayesian models,iot,scalability,blockchain,unsupervised learning,cross-module communication,67,deepai-knowledgegraph,self-supervised learning,bayesian optimization,medium,real-time streaming,25,superintelligenz: alle zugehörigen module,synehsx_pattern,
deepoptimization & efficiency,deepefficiency, deepoptimizerx,infrastructure,deepall-core,efficiency,machine learning,healthcare professionals,time efficiency,reinforcement learning,iot,scalability,quantum computing,supervised learning,data exchange,68,deepai-knowledgegraph,reinforcement learning,bayesian optimization,medium,real-time streaming,unspecified,superintelligenz: alle zugehörigen module,synehsy068,unspecified,
deepdata integrity & encryption,deepcryptography, deepai-dataintegrity,healthcare,external integration,process automation,machine learning,healthcare professionals,cost reduction,neural networks,financial markets,efficiency,bayesian models,unsupervised learning,cross-module communication,69,deepai-research,reinforcement learning,bayesian optimization,medium,real-time streaming,unspecified,superintelligenz: alle zugehörigen module,synehsy069,unspecified,
deepsensor systems & monitoring,deepai-realtimemonitoring, deepai-globalsensors,ai,deepall-core,data analysis,data processing,it admins,automation,bayesian models,financial markets,automation,blockchain,evolutionary algorithms,cross-module communication,70,deepai-research,reinforcement learning,gradient descent,medium,real-time streaming,unspecified,superintelligenz: alle zugehörigen module,synehsy070,unspecified,
deepdiscovery & research,deepdiscovery, deepai-knowledgediscovery,healthcare,experimental,security,optimization,it admins,time efficiency,bayesian models,financial markets,automation,quantum computing,supervised learning,cross-module communication,71,deepai-knowledgegraph,federated learning,bayesian optimization,high,batch processing,unspecified,superintelligenz: alle zugehörigen module,synehsy071,unspecified,
nicht zugeordnet,nicht zugeordnet,healthcare,external integration,efficiency,cloud_management,healthcare professionals,security enhancement,bayesian models,industry 4.0,efficiency,quantum computing,unsupervised learning,cross-module communication,unspecified,deepai-knowledgegraph,self-supervised learning,genetic algorithms,high,edge computing,99,unspecified, alle spalten,synehsy072,unspecified,
nicht zugeordnet,nicht zugeordnet,healthcare,experimental,process automation,machine_learning,finance experts,cost reduction,neural networks,cybersecurity,scalability,blockchain,unsupervised learning,data exchange,unspecified,deepai-datahub,reinforcement learning,genetic algorithms,high,edge computing,33,unspecified, alle spalten,synehsy073,unspecified,
nicht zugeordnet,nicht zugeordnet,infrastructure,external integration,data analysis,machine_learning,healthcare professionals,security enhancement,neural networks,financial markets,scalability,blockchain,unsupervised learning,cross-module communication,unspecified,deepai-knowledgegraph,federated learning,bayesian optimization,medium,edge computing,56,unspecified, alle spalten,synehsy074,unspecified,
nicht zugeordnet,nicht zugeordnet,ai,deepall-core,data analysis,anomaly_detection,healthcare professionals,cost reduction,bayesian models,iot,automation,neural networks,unsupervised learning,cross-module communication,unspecified,deepai-datahub,self-supervised learning,genetic algorithms,low,batch processing,23,unspecified, alle spalten,synehsy075,unspecified,
nicht zugeordnet,nicht zugeordnet,ai,deepall-core,data analysis,data_processing,developers,cost reduction,reinforcement learning,iot,efficiency,quantum computing,supervised learning,cross-module communication,unspecified,deepai-datahub,self-supervised learning,bayesian optimization,low,edge computing,35,unspecified, alle spalten,synehsy076,unspecified,
nicht zugeordnet,nicht zugeordnet,healthcare,external integration,process automation,machine_learning,healthcare professionals,time efficiency,reinforcement learning,iot,security,blockchain,supervised learning,data exchange,unspecified,deepai-knowledgegraph,reinforcement learning,bayesian optimization,high,real-time streaming,68,unspecified, alle spalten,synehsy077,unspecified,
deepapi & system integration,deepai-integrator, deepai-apiconnector,optimization,external integration,efficiency,machine learning,it admins,time efficiency,bayesian models,iot,security,quantum computing,evolutionary algorithms,model sharing,78,deepai-research,reinforcement learning,gradient descent,low,batch processing,unspecified,superintelligenz: alle zugehörigen module,synehsy078,unspecified,
nicht zugeordnet,nicht zugeordnet,infrastructure,external integration,data analysis,cloud_management,developers,time efficiency,neural networks,medical diagnosis,security,blockchain,supervised learning,model sharing,unspecified,deepai-research,self-supervised learning,genetic algorithms,high,edge computing,17,unspecified, alle spalten,synehsy079,unspecified,
deepcrisis & emergency management,deepcrisismanager, deepfailsafe,infrastructure,deepall-core,process automation,cloud management,finance experts,automation,bayesian models,industry 4.0,security,quantum computing,supervised learning,model sharing,80,deepai-datahub,federated learning,bayesian optimization,medium,batch processing,unspecified,superintelligenz: alle zugehörigen module,synehsy080,unspecified,
deepautoscaling & cloud management,deephyperscaling, deepai-autoscaling,finance,external integration,process automation,anomaly detection,developers,automation,neural networks,cybersecurity,scalability,blockchain,evolutionary algorithms,cross-module communication,81,deepai-knowledgegraph,self-supervised learning,gradient descent,medium,edge computing,unspecified,superintelligenz: alle zugehörigen module,synehsy081,unspecified,
deepai-predictive analytics,deepai-predict, deepai-evaluation,infrastructure,external integration,security,anomaly detection,finance experts,security enhancement,bayesian models,cybersecurity,security,bayesian models,evolutionary algorithms,model sharing,82,deepai-research,federated learning,bayesian optimization,medium,batch processing,unspecified,superintelligenz: alle zugehörigen module,synehsy082,unspecified,
deepbehavioral modeling & ai,modeling & ai,healthcare,experimental,process automation,anomaly_detection,developers,time efficiency,neural networks,financial markets,efficiency,bayesian models,unsupervised learning,cross-module communication,unspecified,deepai-datahub,self-supervised learning,genetic algorithms,high,real-time streaming,38,unspecified,synehsy083,,unspecified,
nicht zugeordnet,nicht zugeordnet,security,external integration,data analysis,cloud_management,developers,automation,rule-based systems,medical diagnosis,automation,quantum computing,evolutionary algorithms,cross-module communication,unspecified,deepai-datahub,self-supervised learning,genetic algorithms,low,edge computing,96,unspecified, alle spalten,synehsy084,unspecified,
deepneural networks & memory ai,deepai-neuralnetwork, deepmemoryai,healthcare,experimental,data analysis,cloud management,finance experts,time efficiency,reinforcement learning,cybersecurity,automation,neural networks,supervised learning,cross-module communication,85,deepai-knowledgegraph,federated learning,gradient descent,medium,batch processing,unspecified,superintelligenz: alle zugehörigen module,synehsy085,unspecified,
deepknowledge graphs & data mining,deepai-knowledgegraph, deepai-datamining,ai,experimental,process automation,data processing,it admins,automation,rule-based systems,industry 4.0,scalability,quantum computing,unsupervised learning,data exchange,86,deepai-knowledgegraph,self-supervised learning,gradient descent,high,real-time streaming,unspecified,superintelligenz: alle zugehörigen module,synehsy086,unspecified,
deepdelivery & logistics,nicht zugeordnet,infrastructure,experimental,data analysis,optimization,it admins,automation,reinforcement learning,iot,scalability,neural networks,unsupervised learning,data exchange,unspecified,deepai-knowledgegraph,self-supervised learning,genetic algorithms,high,real-time streaming,97,unspecified,synehsy087,,unspecified,
nicht zugeordnet,nicht zugeordnet,infrastructure,deepall-core,process automation,optimization,it admins,cost reduction,neural networks,financial markets,security,quantum computing,supervised learning,model sharing,unspecified,deepai-datahub,self-supervised learning,bayesian optimization,low,real-time streaming,53,unspecified, alle spalten,synehsy088,unspecified,
deepperformance & metrics,deepai-performancemetrics, deepai-testsuite,finance,experimental,data analysis,data processing,developers,time efficiency,rule-based systems,industry 4.0,security,neural networks,supervised learning,model sharing,89,deepai-research,reinforcement learning,bayesian optimization,medium,batch processing,unspecified,superintelligenz: alle zugehörigen module,synehsy089,unspecified,
deepenergy & resource management,deepoil, deepenergyfieldai,security,external integration,security,optimization,healthcare professionals,time efficiency,reinforcement learning,cybersecurity,efficiency,bayesian models,unsupervised learning,model sharing,90,deepai-research,federated learning,genetic algorithms,high,batch processing,unspecified,superintelligenz: alle zugehörigen module,synehsy090,unspecified,
nicht zugeordnet,nicht zugeordnet,infrastructure,deepall-core,efficiency,cloud_management,developers,automation,bayesian models,medical diagnosis,automation,bayesian models,unsupervised learning,data exchange,unspecified,deepai-research,self-supervised learning,bayesian optimization,high,real-time streaming,74,unspecified, alle spalten,synehsy091,unspecified,
nicht zugeordnet,nicht zugeordnet,finance,deepall-core,security,optimization,healthcare professionals,time efficiency,neural networks,financial markets,efficiency,bayesian models,supervised learning,data exchange,unspecified,deepai-datahub,federated learning,gradient descent,high,batch processing,1,unspecified, alle spalten,synehsy092,unspecified,
deepai-chat & virtual assistance,deepai-chat, deepai-virtualassistant,finance,deepall-core,security,cloud management,healthcare professionals,automation,neural networks,cybersecurity,automation,neural networks,unsupervised learning,data exchange,93,deepai-datahub,reinforcement learning,bayesian optimization,low,real-time streaming,unspecified,superintelligenz: alle zugehörigen module,synehsy093,unspecified,
deepdecision automation & strategy,deepdecisionflow, deepscenarioai,security,deepall-core,efficiency,data processing,it admins,time efficiency,bayesian models,financial markets,scalability,quantum computing,unsupervised learning,data exchange,94,deepai-knowledgegraph,federated learning,bayesian optimization,high,edge computing,unspecified,superintelligenz: alle zugehörigen module,synehsy094,unspecified,
deepmaster ,deepmaster,healthcare,deepall-core,data analysis,anomaly_detection,healthcare professionals,cost reduction,bayesian models,cybersecurity,scalability,neural networks,supervised learning,data exchange,unspecified,deepai-knowledgegraph,reinforcement learning,genetic algorithms,medium,real-time streaming,43,unspecified,synehsy095,,unspecified,
nicht zugeordnet,nicht zugeordnet,healthcare,deepall-core,efficiency,data_processing,developers,time efficiency,reinforcement learning,iot,automation,blockchain,evolutionary algorithms,model sharing,unspecified,deepai-datahub,self-supervised learning,genetic algorithms,low,batch processing,18,unspecified, alle spalten,synehsy096,unspecified,
deepall-hypervision,deepsecurity, deepstabilitycheck, deeploadbalancer, deepai-accesscontrol,healthcare,deepall-core,process automation,optimization,developers,cost reduction,neural networks,medical diagnosis,efficiency,blockchain,unsupervised learning,model sharing,97,deepai-datahub,self-supervised learning,bayesian optimization,low,batch processing,69,unspecified,synehsy097
nicht zugeordnet,nicht zugeordnet,optimization,experimental,efficiency,cloud_management,it admins,security enhancement,reinforcement learning,iot,security,bayesian models,supervised learning,cross-module communication,unspecified,deepai-knowledgegraph,federated learning,gradient descent,low,edge computing,40,unspecified, alle spalten,synehsy098,unspecified,
nicht zugeordnet,nicht zugeordnet,healthcare,external integration,security,optimization,finance experts,time efficiency,bayesian models,cybersecurity,automation,neural networks,supervised learning,model sharing,unspecified,deepai-research,reinforcement learning,genetic algorithms,medium,batch processing,62,unspecified, alle spalten,synehsy099,unspecified,
nicht zugeordnet,nicht zugeordnet,security,external integration,efficiency,optimization,developers,time efficiency,neural networks,industry 4.0,security,blockchain,supervised learning,data exchange,unspecified,deepai-research,federated learning,bayesian optimization,high,batch processing,15,unspecified, alle spalten,synehsy100,unspecified,
deepall-strategic nexus,deepstrategy, deepvision, deepanticipate, deepai-decisionmaking,optimization,experimental,data analysis,anomaly detection,healthcare professionals,time efficiency,bayesian models,iot,automation,neural networks,unsupervised learning,model sharing,101,deepai-research,reinforcement learning,gradient descent,high,real-time streaming,69,unspecified,synehsy101
deepall-intelligent autonomy,deepautonomy, deepselfreflect, deepai-refinement,healthcare,experimental,security,optimization,developers,cost reduction,reinforcement learning,industry 4.0,automation,blockchain,unsupervised learning,cross-module communication,102,deepai-knowledgegraph,self-supervised learning,bayesian optimization,low,real-time streaming,60,superintelligenz: alle zugehörigen module,synehsx_pattern,
deepriskmanagement,deeprisk, deepriskmodel, deepai-riskmodel,optimization,deepall_core,process automation,anomaly detection,developers,time efficiency,reinforcement learning,cybersecurity,efficiency,neural networks,evolutionary algorithms,data exchange,103,deepai-research,self-supervised learning,bayesian optimization,high,batch processing,86,superintelligenz: alle zugehörigen module,synehsx_pattern,
nicht zugeordnet,,security,deepall-core,data analysis,cloud_management,developers,time efficiency,reinforcement learning,medical diagnosis,security,blockchain,unsupervised learning,cross-module communication,unspecified,deepai-datahub,reinforcement learning,gradient descent,low,real-time streaming,91,unspecified, alle spalten,synehsy104,unspecified,
deepquantumscience,deepquantumsim, deepquantumai, deepai-quantum,healthcare,experimental,security,cloud management,finance experts,automation,neural networks,industry 4.0,automation,neural networks,supervised learning,model sharing,105,deepai-datahub,reinforcement learning,genetic algorithms,medium,real-time streaming,34,superintelligenz: alle zugehörigen module,synehsx_pattern,
deepfinance & trading,deeptrading, deepfinance, deepmarketai,ai,deepall_core,process automation,anomaly detection,healthcare professionals,security enhancement,bayesian models,cybersecurity,security,neural networks,supervised learning,model sharing,106,deepai-knowledgegraph,reinforcement learning,bayesian optimization,low,edge computing,35,superintelligenz: alle zugehörigen module,synehsx_pattern,
deephealthcare,deepai-healthcare, deepai-diagnosis, deepai-medicalanalysis,infrastructure,external_integration,data analysis,data processing,it admins,cost reduction,bayesian models,industry 4.0,security,quantum computing,supervised learning,data exchange,107,deepai-research,self-supervised learning,genetic algorithms,medium,batch processing,89,superintelligenz: alle zugehörigen module,synehsx_pattern,
deepindustry & manufacturing,deepindustry, deepai-industryanalytics, deepai-qualitycontrol,security,external_integration,process automation,cloud management,developers,automation,reinforcement learning,iot,scalability,bayesian models,supervised learning,data exchange,108,deepai-datahub,reinforcement learning,bayesian optimization,low,batch processing,61,superintelligenz: alle zugehörigen module,synehsx_pattern,
nicht zugeordnet,nicht zugeordnet,finance,deepall-core,efficiency,data_processing,healthcare professionals,cost reduction,reinforcement learning,cybersecurity,efficiency,bayesian models,evolutionary algorithms,cross-module communication,unspecified,deepai-knowledgegraph,reinforcement learning,gradient descent,high,edge computing,59,unspecified,synehsy109,,unspecified,
nicht zugeordnet,nicht zugeordnet,finance,deepall-core,efficiency,cloud_management,healthcare professionals,automation,reinforcement learning,iot,efficiency,bayesian models,evolutionary algorithms,data exchange,unspecified,deepai-research,federated learning,gradient descent,low,real-time streaming,2,unspecified, alle spalten,synehsy110,unspecified,
nicht zugeordnet,nicht zugeordnet,security,deepall-core,process automation,cloud_management,it admins,security enhancement,reinforcement learning,financial markets,security,blockchain,supervised learning,model sharing,unspecified,deepai-datahub,reinforcement learning,bayesian optimization,medium,batch processing,23,unspecified, alle spalten,synehsy111,unspecified,
deepai-climate & sustainability,deepai-climate, deepai-sustainability,finance,external integration,efficiency,machine learning,developers,automation,rule-based systems,cybersecurity,efficiency,quantum computing,supervised learning,cross-module communication,112,deepai-research,self-supervised learning,genetic algorithms,high,edge computing,unspecified,superintelligenz: alle zugehörigen module,synehsy112,unspecified,
deepmilitary & security,deepmilitary, deepthreatanalysis, deepai-security,security,deepall_core,process automation,optimization,finance experts,cost reduction,rule-based systems,industry 4.0,efficiency,neural networks,unsupervised learning,data exchange,113,deepai-knowledgegraph,reinforcement learning,genetic algorithms,high,edge computing,5,superintelligenz: alle zugehörigen module,synehsx_pattern,
nicht zugeordnet,nicht zugeordnet,ai,experimental,data analysis,optimization,healthcare professionals,time efficiency,rule-based systems,financial markets,scalability,neural networks,unsupervised learning,cross-module communication,unspecified,deepai-datahub,federated learning,genetic algorithms,low,batch processing,91,unspecified, alle spalten,synehsy114,unspecified,
nicht zugeordnet,nicht zugeordnet,security,deepall-core,security,data_processing,it admins,time efficiency,reinforcement learning,iot,efficiency,neural networks,supervised learning,cross-module communication,unspecified,deepai-knowledgegraph,federated learning,genetic algorithms,low,real-time streaming,18,unspecified, alle spalten,synehsy115,unspecified,
nicht zugeordnet,nicht zugeordnet,healthcare,experimental,process automation,optimization,finance experts,security enhancement,reinforcement learning,iot,efficiency,blockchain,unsupervised learning,cross-module communication,unspecified,deepai-datahub,reinforcement learning,bayesian optimization,high,real-time streaming,34,unspecified, alle spalten,synehsy116,unspecified,
deepcloud & data integration,deepcloud, deepconsensus, deepai-cloud,healthcare,deepall_core,security,data processing,healthcare professionals,cost reduction,bayesian models,industry 4.0,automation,neural networks,evolutionary algorithms,data exchange,117,deepai-datahub,reinforcement learning,bayesian optimization,low,batch processing,27,superintelligenz: alle zugehörigen module,synehsx_pattern,
nicht zugeordnet,nicht zugeordnet,optimization,deepall-core,security,cloud_management,developers,cost reduction,neural networks,financial markets,automation,bayesian models,unsupervised learning,model sharing,unspecified,deepai-datahub,reinforcement learning,gradient descent,low,real-time streaming,51,unspecified, alle spalten,synehsy118,unspecified,
deepphysics & cosmology,deepphysicsai, deeprelativityai, deepcosmologyai,finance,external_integration,process automation,machine learning,healthcare professionals,cost reduction,bayesian models,medical diagnosis,automation,bayesian models,unsupervised learning,cross-module communication,119,deepai-research,federated learning,bayesian optimization,low,edge computing,28,superintelligenz: alle zugehörigen module,synehsx_pattern,
nicht zugeordnet,nicht zugeordnet,infrastructure,experimental,efficiency,machine_learning,finance experts,security enhancement,rule-based systems,industry 4.0,automation,bayesian models,evolutionary algorithms,model sharing,unspecified,deepai-knowledgegraph,self-supervised learning,bayesian optimization,low,edge computing,79,unspecified, alle spalten,synehsy120,unspecified,
nicht zugeordnet,nicht zugeordnet,finance,experimental,data analysis,cloud_management,finance experts,time efficiency,bayesian models,iot,efficiency,bayesian models,evolutionary algorithms,cross-module communication,unspecified,deepai-knowledgegraph,reinforcement learning,bayesian optimization,low,batch processing,89,unspecified, alle spalten,synehsy121,unspecified,
deepenergy & resource management,deepoil, deepenergyfieldai,security,experimental,security,anomaly detection,developers,automation,reinforcement learning,cybersecurity,security,blockchain,supervised learning,cross-module communication,122,deepai-research,federated learning,bayesian optimization,high,batch processing,unspecified,superintelligenz: alle zugehörigen module,synehsy122,unspecified,
deepautonomous vehicles,deepautopilot, deepai-fleetmanagement, deepai-trafficmanagement,infrastructure,external_integration,data analysis,anomaly detection,developers,security enhancement,rule-based systems,financial markets,automation,blockchain,evolutionary algorithms,cross-module communication,123,deepai-knowledgegraph,self-supervised learning,bayesian optimization,low,batch processing,17,superintelligenz: alle zugehörigen module,synehsx_pattern,
deepsocial & community management,deepsocialai, deepai-socialmedia, deepai-communitymanagement,infrastructure,experimental,security,optimization,it admins,automation,rule-based systems,medical diagnosis,automation,bayesian models,unsupervised learning,cross-module communication,124,deepai-research,federated learning,genetic algorithms,low,batch processing,97,superintelligenz: alle zugehörigen module,synehsx_pattern,
deepemotion & user interaction,deepai-emotion, deepai-interaction, deepai-visualize,finance,external_integration,process automation,data processing,developers,time efficiency,neural networks,cybersecurity,security,bayesian models,unsupervised learning,model sharing,125,deepai-datahub,federated learning,bayesian optimization,medium,edge computing,1,superintelligenz: alle zugehörigen module,synehsx_pattern,
deepai-datascience & analytics,deepai-datascience, deepai-analytics, deepai-advancedanalytics,infrastructure,deepall_core,efficiency,machine learning,it admins,security enhancement,neural networks,financial markets,security,neural networks,evolutionary algorithms,cross-module communication,126,deepai-research,reinforcement learning,genetic algorithms,high,batch processing,27,superintelligenz: alle zugehörigen module,synehsx_pattern,
deepblockchain & smart contracts,deepai-blockchain, deepai-smartcontracts,infrastructure,deepall-core,data analysis,optimization,finance experts,time efficiency,rule-based systems,industry 4.0,security,quantum computing,supervised learning,data exchange,127,deepai-research,reinforcement learning,gradient descent,medium,real-time streaming,unspecified,superintelligenz: alle zugehörigen module,synehsy127,unspecified,
nicht zugeordnet,nicht zugeordnet,healthcare,experimental,security,cloud_management,finance experts,automation,rule-based systems,industry 4.0,scalability,blockchain,unsupervised learning,cross-module communication,unspecified,deepai-research,reinforcement learning,gradient descent,medium,real-time streaming,74,unspecified, alle spalten,synehsy128,unspecified,
nicht zugeordnet,nicht zugeordnet,ai,deepall-core,process automation,machine_learning,healthcare professionals,cost reduction,bayesian models,financial markets,security,blockchain,unsupervised learning,data exchange,unspecified,deepai-datahub,self-supervised learning,genetic algorithms,high,batch processing,39,unspecified, alle spalten,synehsy129,unspecified,
nicht zugeordnet,nicht zugeordnet,security,deepall-core,process automation,data_processing,healthcare professionals,cost reduction,rule-based systems,medical diagnosis,efficiency,neural networks,supervised learning,model sharing,unspecified,deepai-datahub,reinforcement learning,bayesian optimization,low,batch processing,54,unspecified, alle spalten,synehsy130,unspecified,
deeplegal & compliance,deepethicalai, deepai-regulator, deepai-safety,finance,experimental,security,data processing,it admins,automation,reinforcement learning,financial markets,efficiency,bayesian models,supervised learning,data exchange,131,deepai-research,reinforcement learning,genetic algorithms,high,real-time streaming,74,superintelligenz: alle zugehörigen module,synehsx_pattern,
deeplearning & cognitive ai,deepai-machinelearning, deepcognitivesystems,healthcare,deepall-core,security,anomaly detection,developers,cost reduction,bayesian models,cybersecurity,scalability,quantum computing,supervised learning,cross-module communication,132,deepai-datahub,self-supervised learning,bayesian optimization,high,batch processing,unspecified,superintelligenz: alle zugehörigen module,synehsy132,unspecified,
deepcustomer insights & behavioral ai,deepai-personalization, deepai-emotionrecognition,optimization,experimental,security,optimization,developers,automation,reinforcement learning,cybersecurity,automation,blockchain,supervised learning,model sharing,133,deepai-datahub,federated learning,gradient descent,medium,batch processing,unspecified,superintelligenz: alle zugehörigen module,synehsy133,unspecified,
deepai-voice & nlp,deepai-voicerecognition, deepai-languageprocessing,infrastructure,experimental,efficiency,cloud management,healthcare professionals,security enhancement,reinforcement learning,industry 4.0,security,blockchain,evolutionary algorithms,data exchange,134,deepai-datahub,reinforcement learning,gradient descent,high,real-time streaming,unspecified,superintelligenz: alle zugehörigen module,synehsy134,unspecified,
nicht zugeordnet,nicht zugeordnet,infrastructure,deepall-core,security,machine_learning,finance experts,security enhancement,reinforcement learning,financial markets,automation,bayesian models,evolutionary algorithms,model sharing,unspecified,deepai-datahub,federated learning,bayesian optimization,high,real-time streaming,72,unspecified, alle spalten,synehsy135,unspecified,
nicht zugeordnet,nicht zugeordnet,finance,deepall-core,security,data_processing,it admins,security enhancement,rule-based systems,industry 4.0,efficiency,blockchain,evolutionary algorithms,cross-module communication,unspecified,deepai-research,self-supervised learning,gradient descent,high,edge computing,73,unspecified, alle spalten,synehsy136,unspecified,
nicht zugeordnet,nicht zugeordnet,ai,deepall-core,efficiency,machine_learning,finance experts,cost reduction,neural networks,medical diagnosis,scalability,quantum computing,supervised learning,data exchange,unspecified,deepai-datahub,reinforcement learning,gradient descent,high,real-time streaming,36,unspecified, alle spalten,synehsy137,unspecified,
deepmedical research & innovation,deepai-scientificresearch, deepai-innovationlab,ai,deepall-core,process automation,cloud management,finance experts,time efficiency,neural networks,cybersecurity,scalability,blockchain,evolutionary algorithms,data exchange,138,deepai-knowledgegraph,self-supervised learning,bayesian optimization,medium,edge computing,unspecified,superintelligenz: alle zugehörigen module,synehsy138,unspecified,
nicht zugeordnet,nicht zugeordnet,finance,deepall-core,security,machine_learning,developers,cost reduction,reinforcement learning,iot,automation,quantum computing,supervised learning,cross-module communication,unspecified,deepai-knowledgegraph,self-supervised learning,bayesian optimization,low,batch processing,5,unspecified, alle spalten,synehsy139,unspecified,
deepspace & time,deepgravitationai, deepspacetimeai, deeptimedilationai,finance,external_integration,data analysis,optimization,it admins,cost reduction,rule-based systems,iot,automation,blockchain,unsupervised learning,data exchange,140,deepai-research,federated learning,genetic algorithms,high,edge computing,46,superintelligenz: alle zugehörigen module,synehsx_pattern,
deepoptimization & efficiency,deepefficiency, deepoptimizerx,healthcare,deepall-core,process automation,anomaly detection,finance experts,time efficiency,bayesian models,financial markets,security,neural networks,supervised learning,data exchange,141,deepai-datahub,reinforcement learning,gradient descent,low,edge computing,unspecified,superintelligenz: alle zugehörigen module,synehsy141,unspecified,
nicht zugeordnet,nicht zugeordnet,finance,external integration,data analysis,machine_learning,healthcare professionals,time efficiency,reinforcement learning,financial markets,scalability,neural networks,supervised learning,data exchange,unspecified,deepai-datahub,self-supervised learning,genetic algorithms,high,batch processing,78,unspecified, alle spalten,synehsy142,unspecified,
deepdata integrity & encryption,deepcryptography, deepai-dataintegrity,optimization,experimental,security,anomaly detection,healthcare professionals,time efficiency,bayesian models,iot,efficiency,neural networks,evolutionary algorithms,cross-module communication,143,deepai-knowledgegraph,self-supervised learning,bayesian optimization,medium,real-time streaming,unspecified,superintelligenz: alle zugehörigen module,synehsy143,unspecified,
deepsensor systems & monitoring,deepai-realtimemonitoring, deepai-globalsensors,healthcare,deepall-core,efficiency,cloud management,developers,time efficiency,bayesian models,financial markets,scalability,neural networks,unsupervised learning,data exchange,144,deepai-datahub,reinforcement learning,genetic algorithms,high,batch processing,unspecified,superintelligenz: alle zugehörigen module,synehsy144,unspecified,
nicht zugeordnet,nicht zugeordnet,infrastructure,deepall-core,efficiency,anomaly_detection,healthcare professionals,cost reduction,rule-based systems,cybersecurity,efficiency,blockchain,unsupervised learning,cross-module communication,unspecified,deepai-research,reinforcement learning,gradient descent,low,edge computing,76,unspecified, alle spalten,synehsy145,unspecified,
deepdiscovery & research,deepdiscovery, deepai-knowledgediscovery,infrastructure,deepall-core,efficiency,machine learning,healthcare professionals,automation,rule-based systems,medical diagnosis,automation,bayesian models,evolutionary algorithms,data exchange,146,deepai-knowledgegraph,reinforcement learning,gradient descent,medium,real-time streaming,unspecified,superintelligenz: alle zugehörigen module,synehsy146,unspecified,
deepapi & system integration,deepai-integrator, deepai-apiconnector,infrastructure,experimental,security,machine learning,finance experts,security enhancement,neural networks,medical diagnosis,automation,blockchain,supervised learning,cross-module communication,147,deepai-research,reinforcement learning,genetic algorithms,low,real-time streaming,unspecified,superintelligenz: alle zugehörigen module,synehsy147,unspecified,
deepcrisis & emergency management,deepcrisismanager, deepfailsafe,infrastructure,external integration,security,data processing,healthcare professionals,automation,neural networks,industry 4.0,security,quantum computing,supervised learning,data exchange,148,deepai-knowledgegraph,self-supervised learning,gradient descent,low,edge computing,unspecified,superintelligenz: alle zugehörigen module,synehsy148,unspecified,
deepautoscaling & cloud management,deephyperscaling, deepai-autoscaling,security,external integration,data analysis,machine learning,healthcare professionals,cost reduction,rule-based systems,cybersecurity,efficiency,blockchain,evolutionary algorithms,data exchange,149,deepai-research,reinforcement learning,bayesian optimization,low,edge computing,unspecified,superintelligenz: alle zugehörigen module,synehsy149,unspecified,
nicht zugeordnet,nicht zugeordnet,optimization,deepall-core,efficiency,anomaly_detection,finance experts,time efficiency,reinforcement learning,financial markets,security,bayesian models,supervised learning,data exchange,unspecified,deepai-research,federated learning,gradient descent,high,edge computing,98,unspecified, alle spalten,synehsy150,unspecified,
deepai-predictive analytics,deepai-predict, deepai-evaluation,healthcare,deepall-core,security,data processing,developers,security enhancement,neural networks,financial markets,automation,bayesian models,unsupervised learning,model sharing,151,deepai-datahub,self-supervised learning,bayesian optimization,low,batch processing,unspecified,superintelligenz: alle zugehörigen module,synehsy151,unspecified,
nicht zugeordnet,nicht zugeordnet,healthcare,deepall-core,process automation,machine_learning,developers,security enhancement,bayesian models,industry 4.0,automation,quantum computing,supervised learning,cross-module communication,unspecified,deepai-datahub,self-supervised learning,genetic algorithms,high,real-time streaming,54,unspecified, alle spalten,synehsy152,unspecified,
deepbehavioral modeling & ai,deepai-behavioralmodeling, deepai-behavioralanalytics,infrastructure,deepall-core,security,machine learning,it admins,automation,reinforcement learning,industry 4.0,security,neural networks,unsupervised learning,model sharing,153,deepai-datahub,federated learning,gradient descent,high,edge computing,unspecified,superintelligenz: alle zugehörigen module,synehsy153,unspecified,
deepneural networks & memory ai,deepai-neuralnetwork, deepmemoryai,ai,experimental,security,cloud management,healthcare professionals,cost reduction,bayesian models,financial markets,scalability,bayesian models,unsupervised learning,data exchange,154,deepai-datahub,self-supervised learning,gradient descent,low,real-time streaming,unspecified,superintelligenz: alle zugehörigen module,synehsy154,unspecified,
nicht zugeordnet,nicht zugeordnet,healthcare,deepall-core,process automation,data_processing,finance experts,cost reduction,rule-based systems,financial markets,security,bayesian models,unsupervised learning,cross-module communication,unspecified,deepai-datahub,federated learning,genetic algorithms,medium,real-time streaming,80,unspecified, alle spalten,synehsy155,unspecified,
deepknowledge graphs & data mining,deepai-knowledgegraph, deepai-datamining,optimization,experimental,efficiency,cloud management,it admins,cost reduction,bayesian models,cybersecurity,efficiency,neural networks,unsupervised learning,model sharing,156,deepai-knowledgegraph,reinforcement learning,genetic algorithms,medium,batch processing,unspecified,superintelligenz: alle zugehörigen module,synehsy156,unspecified,
deepdelivery & logistics,deepai-delivery, deepai-supplychain,finance,deepall-core,process automation,cloud management,developers,security enhancement,reinforcement learning,industry 4.0,automation,neural networks,unsupervised learning,data exchange,157,deepai-research,reinforcement learning,bayesian optimization,high,real-time streaming,unspecified,superintelligenz: alle zugehörigen module,synehsy157,unspecified,
nicht zugeordnet,nicht zugeordnet,optimization,external integration,efficiency,cloud_management,developers,automation,rule-based systems,cybersecurity,efficiency,blockchain,evolutionary algorithms,data exchange,unspecified,deepai-research,federated learning,gradient descent,high,batch processing,14,unspecified, alle spalten,synehsy158,unspecified,
deepperformance & metrics,deepai-performancemetrics, deepai-testsuite,infrastructure,external integration,process automation,optimization,finance experts,security enhancement,reinforcement learning,financial markets,scalability,neural networks,evolutionary algorithms,data exchange,159,deepai-datahub,reinforcement learning,gradient descent,medium,real-time streaming,unspecified,superintelligenz: alle zugehörigen module,synehsy159,unspecified,
nicht zugeordnet,nicht zugeordnet,infrastructure,deepall-core,data analysis,cloud_management,it admins,security enhancement,bayesian models,iot,automation,quantum computing,supervised learning,model sharing,unspecified,deepai-research,reinforcement learning,bayesian optimization,low,real-time streaming,7,unspecified, alle spalten,synehsy160,unspecified,
nicht zugeordnet,nicht zugeordnet,security,deepall-core,efficiency,anomaly_detection,it admins,time efficiency,reinforcement learning,iot,automation,bayesian models,unsupervised learning,cross-module communication,unspecified,deepai-research,self-supervised learning,gradient descent,medium,edge computing,83,unspecified, alle spalten,synehsy161,unspecified,
nicht zugeordnet,nicht zugeordnet,healthcare,experimental,security,machine_learning,finance experts,automation,rule-based systems,financial markets,security,neural networks,supervised learning,data exchange,unspecified,deepai-datahub,self-supervised learning,genetic algorithms,medium,real-time streaming,22,unspecified,synehsy162,,unspecified,
deepenergy & resource management,deepoil, deepenergyfieldai,healthcare,deepall-core,data analysis,optimization,finance experts,time efficiency,bayesian models,industry 4.0,security,bayesian models,unsupervised learning,cross-module communication,163,deepai-research,reinforcement learning,bayesian optimization,medium,batch processing,unspecified,superintelligenz: alle zugehörigen module,synehsy163,unspecified,
deepai-chat & virtual assistance,deepai-chat, deepai-virtualassistant,healthcare,deepall-core,efficiency,cloud management,it admins,cost reduction,bayesian models,iot,efficiency,quantum computing,unsupervised learning,data exchange,164,deepai-research,reinforcement learning,genetic algorithms,high,edge computing,unspecified,superintelligenz: alle zugehörigen module,synehsy164,unspecified,
nicht zugeordnet,nicht zugeordnet,infrastructure,deepall-core,efficiency,machine_learning,developers,security enhancement,neural networks,industry 4.0,security,neural networks,unsupervised learning,cross-module communication,unspecified,deepai-research,federated learning,gradient descent,medium,edge computing,88,unspecified, alle spalten,synehsy165,unspecified,
nicht zugeordnet,nicht zugeordnet,healthcare,external integration,efficiency,data_processing,healthcare professionals,automation,neural networks,iot,automation,neural networks,evolutionary algorithms,data exchange,unspecified,deepai-research,self-supervised learning,bayesian optimization,low,batch processing,8,unspecified, alle spalten,synehsy166,unspecified,
deepdecision automation & strategy,deepdecisionflow, deepscenarioai,ai,experimental,process automation,data processing,developers,cost reduction,reinforcement learning,industry 4.0,security,neural networks,evolutionary algorithms,model sharing,167,deepai-research,federated learning,gradient descent,low,edge computing,unspecified,superintelligenz: alle zugehörigen module,synehsy167,unspecified,
nicht zugeordnet,nicht zugeordnet,ai,external integration,efficiency,machine_learning,finance experts,automation,neural networks,iot,automation,neural networks,unsupervised learning,data exchange,unspecified,deepai-datahub,self-supervised learning,gradient descent,medium,batch processing,99,unspecified, alle spalten,synehsy168,unspecified,
nicht zugeordnet,nicht zugeordnet,finance,experimental,security,anomaly_detection,it admins,security enhancement,neural networks,industry 4.0,security,neural networks,supervised learning,model sharing,unspecified,deepai-datahub,federated learning,gradient descent,high,batch processing,43,unspecified, alle spalten,synehsy169,unspecified,
nicht zugeordnet,nicht zugeordnet,healthcare,external integration,efficiency,machine_learning,it admins,automation,neural networks,cybersecurity,security,blockchain,unsupervised learning,data exchange,unspecified,deepai-research,federated learning,genetic algorithms,high,batch processing,38,unspecified, alle spalten,synehsy170,unspecified,
deepmaster ,nicht zugeordnet,security,deepall-core,security,machine_learning,healthcare professionals,cost reduction,neural networks,industry 4.0,automation,quantum computing,supervised learning,cross-module communication,unspecified,deepai-datahub,reinforcement learning,bayesian optimization,low,edge computing,74,unspecified,synehsy171,,unspecified,
deepall-hypervision,deepsecurity, deepstabilitycheck, deeploadbalancer, deepai-accesscontrol,finance,external integration,security,optimization,it admins,time efficiency,rule-based systems,cybersecurity,efficiency,quantum computing,evolutionary algorithms,data exchange,172,deepai-datahub,self-supervised learning,genetic algorithms,high,edge computing,55,unspecified,synehsy172
nicht zugeordnet,nicht zugeordnet,infrastructure,external integration,security,data_processing,healthcare professionals,security enhancement,rule-based systems,cybersecurity,efficiency,blockchain,evolutionary algorithms,data exchange,unspecified,deepai-datahub,self-supervised learning,gradient descent,low,batch processing,50,unspecified, alle spalten,synehsy173,unspecified,
nicht zugeordnet,nicht zugeordnet,healthcare,experimental,data analysis,data_processing,developers,time efficiency,neural networks,financial markets,automation,blockchain,unsupervised learning,cross-module communication,unspecified,deepai-datahub,self-supervised learning,gradient descent,high,edge computing,49,unspecified, alle spalten,synehsy174,unspecified,
nicht zugeordnet,nicht zugeordnet,ai,experimental,security,cloud_management,developers,security enhancement,reinforcement learning,cybersecurity,efficiency,neural networks,supervised learning,data exchange,unspecified,deepai-datahub,federated learning,genetic algorithms,medium,edge computing,96,unspecified, alle spalten,synehsy175,unspecified,
nicht zugeordnet,nicht zugeordnet,security,external integration,process automation,machine_learning,it admins,cost reduction,rule-based systems,medical diagnosis,efficiency,neural networks,unsupervised learning,cross-module communication,unspecified,deepai-research,federated learning,bayesian optimization,low,real-time streaming,36,unspecified, alle spalten,synehsy176,unspecified,
deepall-strategic nexus,deepstrategy, deepvision, deepanticipate, deepai-decisionmaking,finance,experimental,efficiency,machine learning,it admins,security enhancement,neural networks,cybersecurity,scalability,bayesian models,supervised learning,model sharing,177,deepai-datahub,federated learning,genetic algorithms,low,real-time streaming,30,unspecified,synehsy177
nicht zugeordnet,nicht zugeordnet,security,experimental,process automation,anomaly_detection,finance experts,time efficiency,rule-based systems,industry 4.0,automation,neural networks,evolutionary algorithms,data exchange,unspecified,deepai-datahub,federated learning,gradient descent,low,batch processing,79,unspecified, alle spalten,synehsy178,unspecified,
deepall-intelligent autonomy,deepautonomy, deepselfreflect, deepai-refinement,healthcare,experimental,data analysis,data processing,finance experts,security enhancement,bayesian models,cybersecurity,security,quantum computing,evolutionary algorithms,cross-module communication,179,deepai-knowledgegraph,self-supervised learning,genetic algorithms,low,edge computing,16,superintelligenz: alle zugehörigen module,synehsx_pattern,
deepriskmanagement,deeprisk, deepriskmodel, deepai-riskmodel,optimization,experimental,efficiency,anomaly detection,it admins,cost reduction,rule-based systems,industry 4.0,security,neural networks,unsupervised learning,cross-module communication,180,deepai-datahub,self-supervised learning,genetic algorithms,high,batch processing,87,superintelligenz: alle zugehörigen module,synehsx_pattern,
nicht zugeordnet,nicht zugeordnet,security,experimental,security,optimization,it admins,security enhancement,rule-based systems,industry 4.0,scalability,blockchain,unsupervised learning,model sharing,unspecified,deepai-research,reinforcement learning,bayesian optimization,low,edge computing,79,unspecified, alle spalten,synehsy181,unspecified,
deepquantumscience,deepquantumsim, deepquantumai, deepai-quantum,security,external_integration,efficiency,cloud management,developers,time efficiency,reinforcement learning,medical diagnosis,automation,bayesian models,evolutionary algorithms,model sharing,182,deepai-datahub,self-supervised learning,bayesian optimization,low,real-time streaming,70,superintelligenz: alle zugehörigen module,synehsx_pattern,
nicht zugeordnet,nicht zugeordnet,infrastructure,experimental,data analysis,anomaly_detection,it admins,cost reduction,rule-based systems,cybersecurity,security,neural networks,unsupervised learning,data exchange,unspecified,deepai-knowledgegraph,reinforcement learning,gradient descent,low,batch processing,71,unspecified, alle spalten,synehsy183,unspecified,
deepfinance & trading,deeptrading, deepfinance, deepmarketai,ai,deepall_core,data analysis,data processing,finance experts,time efficiency,reinforcement learning,cybersecurity,efficiency,blockchain,unsupervised learning,cross-module communication,184,deepai-research,reinforcement learning,bayesian optimization,high,batch processing,79,superintelligenz: alle zugehörigen module,synehsx_pattern,
deephealthcare,deepai-healthcare, deepai-diagnosis, deepai-medicalanalysis,healthcare,external_integration,process automation,optimization,developers,security enhancement,bayesian models,iot,security,neural networks,unsupervised learning,data exchange,185,deepai-datahub,federated learning,genetic algorithms,low,real-time streaming,24,superintelligenz: alle zugehörigen module,synehsx_pattern,
deepindustry & manufacturing,deepindustry, deepai-industryanalytics, deepai-qualitycontrol,security,external_integration,efficiency,machine learning,healthcare professionals,automation,neural networks,iot,automation,neural networks,unsupervised learning,data exchange,186,deepai-knowledgegraph,self-supervised learning,genetic algorithms,high,batch processing,67,superintelligenz: alle zugehörigen module,synehsx_pattern,
deepai-climate & sustainability,deepai-climate, deepai-sustainability,healthcare,external integration,efficiency,optimization,finance experts,time efficiency,reinforcement learning,financial markets,security,quantum computing,evolutionary algorithms,model sharing,187,deepai-knowledgegraph,federated learning,gradient descent,medium,real-time streaming,unspecified,superintelligenz: alle zugehörigen module,synehsy187,unspecified,
nicht zugeordnet,nicht zugeordnet,ai,experimental,efficiency,anomaly_detection,finance experts,security enhancement,rule-based systems,industry 4.0,scalability,blockchain,evolutionary algorithms,cross-module communication,unspecified,deepai-datahub,reinforcement learning,genetic algorithms,low,edge computing,56,unspecified, alle spalten,synehsy188,unspecified,
deepmilitary & security,deepmilitary, deepthreatanalysis, deepai-security,infrastructure,deepall_core,process automation,data processing,developers,automation,rule-based systems,medical diagnosis,scalability,blockchain,supervised learning,model sharing,189,deepai-datahub,self-supervised learning,bayesian optimization,medium,edge computing,48,superintelligenz: alle zugehörigen module,synehsx_pattern,
nicht zugeordnet,nicht zugeordnet,healthcare,experimental,data analysis,anomaly_detection,healthcare professionals,automation,reinforcement learning,iot,efficiency,blockchain,unsupervised learning,cross-module communication,unspecified,deepai-datahub,reinforcement learning,gradient descent,low,real-time streaming,78,unspecified, alle spalten,synehsy190,unspecified,
deepcloud & data integration,deepcloud, deepconsensus, deepai-cloud,ai,external_integration,security,machine learning,finance experts,cost reduction,bayesian models,cybersecurity,scalability,quantum computing,unsupervised learning,data exchange,191,deepai-knowledgegraph,reinforcement learning,bayesian optimization,medium,edge computing,21,superintelligenz: alle zugehörigen module,synehsx_pattern,
deepphysics & cosmology,deepphysicsai, deeprelativityai, deepcosmologyai,ai,external_integration,efficiency,machine learning,it admins,automation,neural networks,financial markets,security,bayesian models,evolutionary algorithms,cross-module communication,192,deepai-research,self-supervised learning,bayesian optimization,low,edge computing,9,superintelligenz: alle zugehörigen module,synehsx_pattern,
nicht zugeordnet,nicht zugeordnet,finance,external integration,process automation,data_processing,finance experts,time efficiency,rule-based systems,medical diagnosis,security,neural networks,evolutionary algorithms,model sharing,unspecified,deepai-datahub,self-supervised learning,gradient descent,medium,real-time streaming,56,unspecified, alle spalten,synehsy193,unspecified,
nicht zugeordnet,nicht zugeordnet,infrastructure,external integration,process automation,cloud_management,developers,time efficiency,bayesian models,cybersecurity,efficiency,quantum computing,unsupervised learning,model sharing,unspecified,deepai-datahub,federated learning,genetic algorithms,high,batch processing,41,unspecified, alle spalten,synehsy194,unspecified,
nicht zugeordnet,nicht zugeordnet,infrastructure,experimental,security,optimization,developers,automation,neural networks,cybersecurity,efficiency,blockchain,supervised learning,cross-module communication,unspecified,deepai-datahub,federated learning,genetic algorithms,low,real-time streaming,43,unspecified, alle spalten,synehsy195,unspecified,
nicht zugeordnet,nicht zugeordnet,healthcare,deepall-core,data analysis,optimization,developers,security enhancement,neural networks,industry 4.0,efficiency,bayesian models,evolutionary algorithms,cross-module communication,unspecified,deepai-research,self-supervised learning,bayesian optimization,low,real-time streaming,12,unspecified, alle spalten,synehsy196,unspecified,
deepenergy & resource management,deepoil, deepenergyfieldai,optimization,deepall-core,efficiency,machine learning,finance experts,time efficiency,rule-based systems,industry 4.0,automation,quantum computing,supervised learning,cross-module communication,197,deepai-datahub,federated learning,gradient descent,low,edge computing,unspecified,superintelligenz: alle zugehörigen module,synehsy197,unspecified,
deepautonomous vehicles,deepautopilot, deepai-fleetmanagement, deepai-trafficmanagement,finance,external_integration,efficiency,anomaly detection,healthcare professionals,time efficiency,reinforcement learning,iot,automation,blockchain,unsupervised learning,cross-module communication,198,deepai-knowledgegraph,reinforcement learning,gradient descent,low,real-time streaming,44,superintelligenz: alle zugehörigen module,synehsx_pattern,
deepsocial & community management,deepsocialai, deepai-socialmedia, deepai-communitymanagement,infrastructure,deepall_core,process automation,anomaly detection,it admins,cost reduction,rule-based systems,iot,automation,quantum computing,supervised learning,data exchange,199,deepai-knowledgegraph,federated learning,genetic algorithms,high,batch processing,20,superintelligenz: alle zugehörigen module,synehsx_pattern,
nicht zugeordnet,nicht zugeordnet,ai,external integration,data analysis,cloud_management,developers,security enhancement,rule-based systems,cybersecurity,scalability,bayesian models,evolutionary algorithms,data exchange,unspecified,deepai-research,reinforcement learning,bayesian optimization,medium,edge computing,35,unspecified, alle spalten,synehsy200,unspecified,
deepemotion & user interaction,deepai-emotion, deepai-interaction, deepai-visualize,infrastructure,external_integration,efficiency,anomaly detection,healthcare professionals,automation,rule-based systems,cybersecurity,security,blockchain,unsupervised learning,data exchange,201,deepai-research,federated learning,genetic algorithms,low,real-time streaming,35,superintelligenz: alle zugehörigen module,synehsx_pattern,
nicht zugeordnet,nicht zugeordnet,optimization,deepall-core,security,optimization,it admins,security enhancement,bayesian models,iot,scalability,neural networks,unsupervised learning,data exchange,unspecified,deepai-datahub,reinforcement learning,gradient descent,medium,batch processing,98,unspecified, alle spalten,synehsy202,unspecified,
deepai-datascience & analytics,nicht zugeordnet,security,external integration,data analysis,anomaly_detection,developers,cost reduction,reinforcement learning,iot,security,quantum computing,unsupervised learning,model sharing,unspecified,deepai-datahub,federated learning,gradient descent,medium,batch processing,92,unspecified,synehsy203,,unspecified,
nicht zugeordnet,nicht zugeordnet,security,deepall-core,data analysis,cloud_management,it admins,cost reduction,bayesian models,cybersecurity,scalability,blockchain,supervised learning,cross-module communication,unspecified,deepai-datahub,reinforcement learning,bayesian optimization,low,real-time streaming,49,unspecified, alle spalten,synehsy204,unspecified,
nicht zugeordnet,nicht zugeordnet,infrastructure,external integration,process automation,optimization,it admins,security enhancement,rule-based systems,medical diagnosis,efficiency,blockchain,supervised learning,cross-module communication,unspecified,deepai-knowledgegraph,self-supervised learning,genetic algorithms,high,batch processing,5,unspecified, alle spalten,synehsy205,unspecified,
deepblockchain & smart contracts,deepai-blockchain, deepai-smartcontracts,infrastructure,deepall-core,process automation,anomaly detection,healthcare professionals,cost reduction,reinforcement learning,cybersecurity,automation,neural networks,unsupervised learning,data exchange,206,deepai-knowledgegraph,federated learning,bayesian optimization,low,batch processing,unspecified,superintelligenz: alle zugehörigen module,synehsy206,unspecified,
deeplegal & compliance,deepethicalai, deepai-regulator, deepai-safety,finance,external_integration,efficiency,optimization,it admins,cost reduction,neural networks,medical diagnosis,security,blockchain,evolutionary algorithms,model sharing,207,deepai-research,reinforcement learning,gradient descent,low,batch processing,47,superintelligenz: alle zugehörigen module,synehsx_pattern,
nicht zugeordnet,nicht zugeordnet,infrastructure,deepall-core,process automation,machine_learning,developers,cost reduction,reinforcement learning,medical diagnosis,security,bayesian models,unsupervised learning,model sharing,unspecified,deepai-knowledgegraph,self-supervised learning,genetic algorithms,low,edge computing,82,unspecified, alle spalten,synehsy208,unspecified,
deeplearning & cognitive ai,deepai-machinelearning, deepcognitivesystems,optimization,external integration,data analysis,machine learning,healthcare professionals,security enhancement,rule-based systems,cybersecurity,security,blockchain,supervised learning,model sharing,209,deepai-datahub,self-supervised learning,genetic algorithms,low,edge computing,unspecified,superintelligenz: alle zugehörigen module,synehsy209,unspecified,
nicht zugeordnet,nicht zugeordnet,infrastructure,external integration,efficiency,machine_learning,finance experts,cost reduction,reinforcement learning,financial markets,scalability,blockchain,unsupervised learning,cross-module communication,unspecified,deepai-research,reinforcement learning,gradient descent,medium,batch processing,73,unspecified, alle spalten,synehsy210,unspecified,
nicht zugeordnet,nicht zugeordnet,healthcare,external integration,efficiency,anomaly_detection,finance experts,automation,neural networks,iot,scalability,blockchain,evolutionary algorithms,cross-module communication,unspecified,deepai-research,self-supervised learning,bayesian optimization,high,real-time streaming,70,unspecified, alle spalten,synehsy211,unspecified,
nicht zugeordnet,nicht zugeordnet,optimization,deepall-core,data analysis,cloud_management,healthcare professionals,automation,neural networks,industry 4.0,security,blockchain,supervised learning,data exchange,unspecified,deepai-datahub,self-supervised learning,genetic algorithms,medium,edge computing,71,unspecified, alle spalten,synehsy212,unspecified,
deepcustomer insights & behavioral ai,deepai-personalization, deepai-emotionrecognition,finance,experimental,efficiency,optimization,finance experts,time efficiency,reinforcement learning,cybersecurity,efficiency,quantum computing,supervised learning,model sharing,213,deepai-datahub,reinforcement learning,bayesian optimization,medium,real-time streaming,unspecified,superintelligenz: alle zugehörigen module,synehsy213,unspecified,
nicht zugeordnet,nicht zugeordnet,healthcare,external integration,security,data_processing,it admins,automation,neural networks,medical diagnosis,efficiency,quantum computing,unsupervised learning,model sharing,unspecified,deepai-datahub,federated learning,bayesian optimization,medium,edge computing,94,unspecified, alle spalten,synehsy214,unspecified,
deepdecision automation & strategy,nicht zugeordnet,healthcare,external integration,security,machine_learning,developers,time efficiency,bayesian models,cybersecurity,efficiency,quantum computing,unsupervised learning,data exchange,unspecified,deepai-datahub,federated learning,bayesian optimization,low,real-time streaming,22,unspecified,synehsy215,,unspecified,
