Journal,IF_2025JCR,JCR_Quartile,JCR_Category,CAS_Quartile,CAS_MajorCategory,CAS_Top,Data_Source
Academic Radiology,4.7,Q1,"RADIOLOGY, NUCLEAR MEDICINE & MEDICAL IMAGING",2,医学,否,ShowJCR/hitfyd GitHub 2025 JCR + CAS
Acta Obstetricia et Gynecologica Scandinavica,3.5,Q1,OBSTETRICS & GYNECOLOGY,2,医学,否,ShowJCR/hitfyd GitHub 2025 JCR + CAS
Acupuncture in Medicine,2.7,Q2,INTEGRATIVE & COMPLEMENTARY MEDICINE,4,医学,否,ShowJCR/hitfyd GitHub 2025 JCR + CAS
Advances in Nutrition,12.7,Q1,NUTRITION & DIETETICS,2,医学,是,ShowJCR/hitfyd GitHub 2025 JCR + CAS
Age and Ageing,7.4,Q1,GERIATRICS & GERONTOLOGY,2,医学,是,ShowJCR/hitfyd GitHub 2025 JCR + CAS
Aging Clinical and Experimental Research,4.7,Q2,GERIATRICS & GERONTOLOGY,3,医学,否,ShowJCR/hitfyd GitHub 2025 JCR + CAS
Alimentary Pharmacology & Therapeutics,6.8,Q1,GASTROENTEROLOGY & HEPATOLOGY,1,医学,是,ShowJCR/hitfyd GitHub 2025 JCR + CAS
Allergy,11.3,Q1,ALLERGY,1,医学,是,ShowJCR/hitfyd GitHub 2025 JCR + CAS
"Allergy, Asthma & Clinical Immunology",11.3,Q1,ALLERGY,1,医学,是,ShowJCR/hitfyd GitHub 2025 JCR + CAS
American Heart Journal,3.4,Q2,CARDIAC & CARDIOVASCULAR SYSTEMS,2,医学,否,ShowJCR/hitfyd GitHub 2025 JCR + CAS
American Journal of Chinese Medicine,7.8,Q1,INTEGRATIVE & COMPLEMENTARY MEDICINE,2,医学,否,ShowJCR/hitfyd GitHub 2025 JCR + CAS
American Journal of Epidemiology,4.1,Q1,"PUBLIC, ENVIRONMENTAL & OCCUPATIONAL HEALTH",2,医学,否,ShowJCR/hitfyd GitHub 2025 JCR + CAS
American Journal of Gastroenterology,8.5,Q1,GASTROENTEROLOGY & HEPATOLOGY,1,医学,是,ShowJCR/hitfyd GitHub 2025 JCR + CAS
American Journal of Hematology,9.4,Q1,HEMATOLOGY,1,医学,是,ShowJCR/hitfyd GitHub 2025 JCR + CAS
American Journal of Kidney Diseases,9.4,Q1,UROLOGY & NEPHROLOGY,1,医学,是,ShowJCR/hitfyd GitHub 2025 JCR + CAS
American Journal of Obstetrics & Gynecology,7.9,Q1,OBSTETRICS & GYNECOLOGY,2,医学,否,ShowJCR/hitfyd GitHub 2025 JCR + CAS
American Journal of Ophthalmology,4.7,Q1,OPHTHALMOLOGY,1,医学,是,ShowJCR/hitfyd GitHub 2025 JCR + CAS
American Journal of Psychiatry,15.9,Q1,PSYCHIATRY,1,医学,是,ShowJCR/hitfyd GitHub 2025 JCR + CAS
American Journal of Respiratory and Critical Care Medicine,21.7,Q1,CRITICAL CARE MEDICINE,1,医学,是,ShowJCR/hitfyd GitHub 2025 JCR + CAS
American Journal of Roentgenology,7.4,Q1,"RADIOLOGY, NUCLEAR MEDICINE & MEDICAL IMAGING",2,医学,是,ShowJCR/hitfyd GitHub 2025 JCR + CAS
American Journal of Surgical Pathology,4.2,Q1,PATHOLOGY,1,医学,是,ShowJCR/hitfyd GitHub 2025 JCR + CAS
Anaesthesia,7.4,Q1,ANESTHESIOLOGY,1,医学,是,ShowJCR/hitfyd GitHub 2025 JCR + CAS
Anesthesiology,9.4,Q1,ANESTHESIOLOGY,1,医学,是,ShowJCR/hitfyd GitHub 2025 JCR + CAS
Annals of Internal Medicine,17.2,Q1,"MEDICINE, GENERAL & INTERNAL",1,医学,是,ShowJCR/hitfyd GitHub 2025 JCR + CAS
Annals of Oncology,80.4,Q1,ONCOLOGY,1,医学,是,ShowJCR/hitfyd GitHub 2025 JCR + CAS
Annals of Surgery,7.4,Q1,SURGERY,1,医学,是,ShowJCR/hitfyd GitHub 2025 JCR + CAS
Annals of the American Thoracic Society,6.0,Q1,RESPIRATORY SYSTEM,2,医学,是,ShowJCR/hitfyd GitHub 2025 JCR + CAS
Annals of the Rheumatic Diseases,24.0,Q1,RHEUMATOLOGY,1,医学,是,ShowJCR/hitfyd GitHub 2025 JCR + CAS
ANZ Journal of Surgery,1.5,Q3,SURGERY,4,医学,否,ShowJCR/hitfyd GitHub 2025 JCR + CAS
Archives of Disease in Childhood,3.4,Q1,PEDIATRICS,3,医学,否,ShowJCR/hitfyd GitHub 2025 JCR + CAS
Archives of Orthopaedic and Trauma Surgery,2.2,Q2,ORTHOPEDICS,3,医学,否,ShowJCR/hitfyd GitHub 2025 JCR + CAS
Archives of Pathology & Laboratory Medicine,3.3,Q2,MEDICAL LABORATORY TECHNOLOGY,3,医学,否,ShowJCR/hitfyd GitHub 2025 JCR + CAS
Arthritis & Rheumatology,9.9,Q1,RHEUMATOLOGY,1,医学,是,ShowJCR/hitfyd GitHub 2025 JCR + CAS
Arthritis Research & Therapy,5.4,Q1,RHEUMATOLOGY,2,医学,是,ShowJCR/hitfyd GitHub 2025 JCR + CAS
BJOG,4.8,Q1,OBSTETRICS & GYNECOLOGY,2,医学,是,ShowJCR/hitfyd GitHub 2025 JCR + CAS
BJU International,4.1,Q1,UROLOGY & NEPHROLOGY,2,医学,否,ShowJCR/hitfyd GitHub 2025 JCR + CAS
Blood,23.9,Q1,HEMATOLOGY,1,医学,是,ShowJCR/hitfyd GitHub 2025 JCR + CAS
Blood Advances,7.7,Q1,HEMATOLOGY,1,医学,是,ShowJCR/hitfyd GitHub 2025 JCR + CAS
BMC Anesthesiology,3.2,Q2,ANESTHESIOLOGY,3,医学,否,ShowJCR/hitfyd GitHub 2025 JCR + CAS
BMC Cancer,4.1,Q2,ONCOLOGY,3,医学,否,ShowJCR/hitfyd GitHub 2025 JCR + CAS
BMC Cardiovascular Disorders,3.1,Q2,CARDIAC & CARDIOVASCULAR SYSTEMS,3,医学,否,ShowJCR/hitfyd GitHub 2025 JCR + CAS
BMC Complementary Medicine and Therapies,4.4,Q1,INTEGRATIVE & COMPLEMENTARY MEDICINE,3,医学,否,ShowJCR/hitfyd GitHub 2025 JCR + CAS
BMC Endocrine Disorders,3.7,Q2,ENDOCRINOLOGY & METABOLISM,3,医学,否,ShowJCR/hitfyd GitHub 2025 JCR + CAS
BMC Gastroenterology,3.2,Q2,GASTROENTEROLOGY & HEPATOLOGY,3,医学,否,ShowJCR/hitfyd GitHub 2025 JCR + CAS
BMC Geriatrics,4.5,Q2,GERIATRICS & GERONTOLOGY,2,医学,否,ShowJCR/hitfyd GitHub 2025 JCR + CAS
BMC Immunology,2.9,Q3,IMMUNOLOGY,4,医学,否,ShowJCR/hitfyd GitHub 2025 JCR + CAS
BMC Infectious Diseases,3.2,Q2,INFECTIOUS DISEASES,3,医学,否,ShowJCR/hitfyd GitHub 2025 JCR + CAS
BMC Medical Imaging,3.9,Q1,"RADIOLOGY, NUCLEAR MEDICINE & MEDICAL IMAGING",3,医学,否,ShowJCR/hitfyd GitHub 2025 JCR + CAS
BMC Medical Research Methodology,3.7,Q2,HEALTH CARE SCIENCES & SERVICES,2,医学,否,ShowJCR/hitfyd GitHub 2025 JCR + CAS
BMC Medicine,8.7,Q1,"MEDICINE, GENERAL & INTERNAL",1,医学,是,ShowJCR/hitfyd GitHub 2025 JCR + CAS
BMC Musculoskeletal Disorders,2.8,Q2,ORTHOPEDICS,3,医学,否,ShowJCR/hitfyd GitHub 2025 JCR + CAS
BMC Nephrology,2.9,Q2,UROLOGY & NEPHROLOGY,3,医学,否,ShowJCR/hitfyd GitHub 2025 JCR + CAS
BMC Nursing,5.2,Q1,NURSING,2,医学,否,ShowJCR/hitfyd GitHub 2025 JCR + CAS
BMC Nutrition,2.7,Q3,NUTRITION & DIETETICS,3,医学,否,ShowJCR/hitfyd GitHub 2025 JCR + CAS
BMC Ophthalmology,2.1,Q3,OPHTHALMOLOGY,3,医学,否,ShowJCR/hitfyd GitHub 2025 JCR + CAS
BMC Oral Health,3.8,Q1,"DENTISTRY, ORAL SURGERY & MEDICINE",2,医学,否,ShowJCR/hitfyd GitHub 2025 JCR + CAS
BMC Pediatrics,2.3,Q2,PEDIATRICS,3,医学,否,ShowJCR/hitfyd GitHub 2025 JCR + CAS
BMC Pregnancy and Childbirth,3.1,Q1,OBSTETRICS & GYNECOLOGY,2,医学,否,ShowJCR/hitfyd GitHub 2025 JCR + CAS
BMC Psychiatry,4.6,Q1,PSYCHIATRY,2,医学,否,ShowJCR/hitfyd GitHub 2025 JCR + CAS
BMC Public Health,4.4,Q1,"PUBLIC, ENVIRONMENTAL & OCCUPATIONAL HEALTH",2,医学,否,ShowJCR/hitfyd GitHub 2025 JCR + CAS
BMC Pulmonary Medicine,3.1,Q2,RESPIRATORY SYSTEM,3,医学,否,ShowJCR/hitfyd GitHub 2025 JCR + CAS
BMC Rheumatology,3.1,Q2,RHEUMATOLOGY,4,医学,否,ShowJCR/hitfyd GitHub 2025 JCR + CAS
BMC Surgery,2.4,Q2,SURGERY,3,医学,否,ShowJCR/hitfyd GitHub 2025 JCR + CAS
BMJ Evidence-Based Medicine,10.8,Q1,"MEDICINE, GENERAL & INTERNAL",2,医学,否,ShowJCR/hitfyd GitHub 2025 JCR + CAS
BMJ Global Health,5.8,Q1,"PUBLIC, ENVIRONMENTAL & OCCUPATIONAL HEALTH",1,医学,是,ShowJCR/hitfyd GitHub 2025 JCR + CAS
BMJ Medicine,9.3,Q1,"MEDICINE, GENERAL & INTERNAL",1,医学,是,ShowJCR/hitfyd GitHub 2025 JCR + CAS
BMJ Open,2.5,Q2,"MEDICINE, GENERAL & INTERNAL",4,医学,否,ShowJCR/hitfyd GitHub 2025 JCR + CAS
Brain,12.6,Q1,CLINICAL NEUROLOGY,1,医学,是,ShowJCR/hitfyd GitHub 2025 JCR + CAS
British Journal of Anaesthesia,10.3,Q1,ANESTHESIOLOGY,1,医学,是,ShowJCR/hitfyd GitHub 2025 JCR + CAS
British Journal of Dermatology,8.2,Q1,DERMATOLOGY,1,医学,是,ShowJCR/hitfyd GitHub 2025 JCR + CAS
British Journal of Haematology,3.6,Q2,HEMATOLOGY,2,医学,否,ShowJCR/hitfyd GitHub 2025 JCR + CAS
British Journal of Ophthalmology,4.5,Q1,OPHTHALMOLOGY,2,医学,否,ShowJCR/hitfyd GitHub 2025 JCR + CAS
British Journal of Psychiatry,8.5,Q1,PSYCHIATRY,1,医学,是,ShowJCR/hitfyd GitHub 2025 JCR + CAS
British Journal of Sports Medicine,15.5,Q1,SPORT SCIENCES,1,医学,是,ShowJCR/hitfyd GitHub 2025 JCR + CAS
British Journal of Surgery,9.4,Q1,SURGERY,1,医学,是,ShowJCR/hitfyd GitHub 2025 JCR + CAS
Campbell Systematic Reviews,3.8,Q1,"SOCIAL SCIENCES, INTERDISCIPLINARY",3,社会学,否,ShowJCR/hitfyd GitHub 2025 JCR + CAS
Canadian Journal of Cardiology,5.7,Q1,CARDIAC & CARDIOVASCULAR SYSTEMS,2,医学,否,ShowJCR/hitfyd GitHub 2025 JCR + CAS
Cancer Discovery,29.5,Q1,ONCOLOGY,1,医学,是,ShowJCR/hitfyd GitHub 2025 JCR + CAS
Cancer Medicine,3.5,Q2,ONCOLOGY,3,医学,否,ShowJCR/hitfyd GitHub 2025 JCR + CAS
Cancer Treatment Reviews,10.6,Q1,ONCOLOGY,1,医学,是,ShowJCR/hitfyd GitHub 2025 JCR + CAS
Cancers,4.8,Q2,ONCOLOGY,3,医学,否,ShowJCR/hitfyd GitHub 2025 JCR + CAS
Cardiology Journal,1.9,Q3,CARDIAC & CARDIOVASCULAR SYSTEMS,3,医学,否,ShowJCR/hitfyd GitHub 2025 JCR + CAS
Cardiovascular Diabetology,15.6,Q1,CARDIAC & CARDIOVASCULAR SYSTEMS,1,医学,是,ShowJCR/hitfyd GitHub 2025 JCR + CAS
Cardiovascular Research,12.5,Q1,CARDIAC & CARDIOVASCULAR SYSTEMS,1,医学,是,ShowJCR/hitfyd GitHub 2025 JCR + CAS
CHEST,9.8,Q1,CRITICAL CARE MEDICINE,1,医学,是,ShowJCR/hitfyd GitHub 2025 JCR + CAS
Chinese Medicine,7.4,Q1,INTEGRATIVE & COMPLEMENTARY MEDICINE,2,医学,否,ShowJCR/hitfyd GitHub 2025 JCR + CAS
Circulation,41.3,Q1,CARDIAC & CARDIOVASCULAR SYSTEMS,1,医学,是,ShowJCR/hitfyd GitHub 2025 JCR + CAS
Clinical and Experimental Allergy,5.0,Q1,ALLERGY,2,医学,否,ShowJCR/hitfyd GitHub 2025 JCR + CAS
Clinical and Experimental Dermatology,2.8,Q2,DERMATOLOGY,4,医学,否,ShowJCR/hitfyd GitHub 2025 JCR + CAS
Clinical Gastroenterology and Hepatology,16.2,Q1,GASTROENTEROLOGY & HEPATOLOGY,1,医学,是,ShowJCR/hitfyd GitHub 2025 JCR + CAS
Clinical Infectious Diseases,8.3,Q1,IMMUNOLOGY,2,医学,是,ShowJCR/hitfyd GitHub 2025 JCR + CAS
Clinical Journal of the American Society of Nephrology,7.0,Q1,UROLOGY & NEPHROLOGY,1,医学,是,ShowJCR/hitfyd GitHub 2025 JCR + CAS
Clinical Microbiology and Infection,8.7,Q1,INFECTIOUS DISEASES,2,医学,是,ShowJCR/hitfyd GitHub 2025 JCR + CAS
Clinical Nutrition,7.9,Q1,NUTRITION & DIETETICS,1,医学,是,ShowJCR/hitfyd GitHub 2025 JCR + CAS
Clinical Oral Implants Research,5.9,Q1,"DENTISTRY, ORAL SURGERY & MEDICINE",1,医学,是,ShowJCR/hitfyd GitHub 2025 JCR + CAS
Clinical Orthopaedics and Related Research,4.3,Q1,ORTHOPEDICS,2,医学,是,ShowJCR/hitfyd GitHub 2025 JCR + CAS
Clinical Otolaryngology,1.9,Q2,OTORHINOLARYNGOLOGY,4,医学,否,ShowJCR/hitfyd GitHub 2025 JCR + CAS
Clinical Reviews in Allergy & Immunology,11.5,Q1,ALLERGY,1,医学,是,ShowJCR/hitfyd GitHub 2025 JCR + CAS
Clinical Rheumatology,2.7,Q3,RHEUMATOLOGY,3,医学,否,ShowJCR/hitfyd GitHub 2025 JCR + CAS
Cochrane Database of Systematic Reviews,11.1,Q1,"MEDICINE, GENERAL & INTERNAL",2,医学,是,ShowJCR/hitfyd GitHub 2025 JCR + CAS
Community Dentistry and Oral Epidemiology,2.9,Q2,"DENTISTRY, ORAL SURGERY & MEDICINE",3,医学,否,ShowJCR/hitfyd GitHub 2025 JCR + CAS
Critical Care,11.4,Q1,CRITICAL CARE MEDICINE,1,医学,是,ShowJCR/hitfyd GitHub 2025 JCR + CAS
Critical Care Medicine,7.5,Q1,CRITICAL CARE MEDICINE,1,医学,是,ShowJCR/hitfyd GitHub 2025 JCR + CAS
Critical Reviews in Oncology/Hematology,8.1,Q1,"MATERIALS SCIENCE, BIOMATERIALS",4,社会学,否,ShowJCR/hitfyd GitHub 2025 JCR + CAS
Dental Materials,6.3,Q1,"DENTISTRY, ORAL SURGERY & MEDICINE",1,医学,是,ShowJCR/hitfyd GitHub 2025 JCR + CAS
Dermatology,3.6,Q1,DERMATOLOGY,3,医学,否,ShowJCR/hitfyd GitHub 2025 JCR + CAS
Diabetes,9.3,Q1,ENDOCRINOLOGY & METABOLISM,2,医学,是,ShowJCR/hitfyd GitHub 2025 JCR + CAS
Diabetes Care,22.6,Q1,ENDOCRINOLOGY & METABOLISM,1,医学,是,ShowJCR/hitfyd GitHub 2025 JCR + CAS
Diabetes/Metabolism Research and Reviews,8.3,Q1,ENDOCRINOLOGY & METABOLISM,3,医学,否,ShowJCR/hitfyd GitHub 2025 JCR + CAS
Diabetologia,10.4,Q1,ENDOCRINOLOGY & METABOLISM,1,医学,是,ShowJCR/hitfyd GitHub 2025 JCR + CAS
Diagnostic and Interventional Imaging,11.1,Q1,"RADIOLOGY, NUCLEAR MEDICINE & MEDICAL IMAGING",2,医学,否,ShowJCR/hitfyd GitHub 2025 JCR + CAS
Diagnostic Pathology,3.5,Q1,PATHOLOGY,3,医学,否,ShowJCR/hitfyd GitHub 2025 JCR + CAS
Digestive and Liver Disease,4.9,Q1,GASTROENTEROLOGY & HEPATOLOGY,2,医学,否,ShowJCR/hitfyd GitHub 2025 JCR + CAS
Ear and Hearing,3.3,Q1,AUDIOLOGY & SPEECH-LANGUAGE PATHOLOGY,2,医学,否,ShowJCR/hitfyd GitHub 2025 JCR + CAS
Emerging Infectious Diseases,7.9,Q1,IMMUNOLOGY,2,医学,是,ShowJCR/hitfyd GitHub 2025 JCR + CAS
Endocrine,3.3,Q3,ENDOCRINOLOGY & METABOLISM,3,医学,否,ShowJCR/hitfyd GitHub 2025 JCR + CAS
Endoscopy,11.8,Q1,GASTROENTEROLOGY & HEPATOLOGY,1,医学,是,ShowJCR/hitfyd GitHub 2025 JCR + CAS
Epidemiology,4.4,Q1,"PUBLIC, ENVIRONMENTAL & OCCUPATIONAL HEALTH",2,医学,否,ShowJCR/hitfyd GitHub 2025 JCR + CAS
European Archives of Oto-Rhino-Laryngology,2.4,Q1,OTORHINOLARYNGOLOGY,3,医学,否,ShowJCR/hitfyd GitHub 2025 JCR + CAS
European Geriatric Medicine,3.9,Q2,GERIATRICS & GERONTOLOGY,3,医学,否,ShowJCR/hitfyd GitHub 2025 JCR + CAS
European Heart Journal,45.3,Q1,CARDIAC & CARDIOVASCULAR SYSTEMS,1,医学,是,ShowJCR/hitfyd GitHub 2025 JCR + CAS
European Journal of Anaesthesiology,7.8,Q1,ANESTHESIOLOGY,2,医学,否,ShowJCR/hitfyd GitHub 2025 JCR + CAS
European Journal of Cancer,7.9,Q1,ONCOLOGY,1,医学,是,ShowJCR/hitfyd GitHub 2025 JCR + CAS
European Journal of Epidemiology,6.6,Q1,"PUBLIC, ENVIRONMENTAL & OCCUPATIONAL HEALTH",2,医学,否,ShowJCR/hitfyd GitHub 2025 JCR + CAS
European Journal of Heart Failure,10.3,Q1,CARDIAC & CARDIOVASCULAR SYSTEMS,1,医学,是,ShowJCR/hitfyd GitHub 2025 JCR + CAS
European Journal of Internal Medicine,8.1,Q1,"MEDICINE, GENERAL & INTERNAL",2,医学,否,ShowJCR/hitfyd GitHub 2025 JCR + CAS
European Journal of Nutrition,4.5,Q2,NUTRITION & DIETETICS,2,医学,否,ShowJCR/hitfyd GitHub 2025 JCR + CAS
European Journal of Pediatrics,2.9,Q1,PEDIATRICS,3,医学,否,ShowJCR/hitfyd GitHub 2025 JCR + CAS
European Journal of Preventive Cardiology,10.0,Q1,CARDIAC & CARDIOVASCULAR SYSTEMS,1,医学,是,ShowJCR/hitfyd GitHub 2025 JCR + CAS
European Journal of Radiology,3.9,Q1,"RADIOLOGY, NUCLEAR MEDICINE & MEDICAL IMAGING",2,医学,否,ShowJCR/hitfyd GitHub 2025 JCR + CAS
European Neuropsychopharmacology,8.1,Q1,CLINICAL NEUROLOGY,2,医学,否,ShowJCR/hitfyd GitHub 2025 JCR + CAS
European Psychiatry,7.9,Q1,PSYCHIATRY,2,医学,否,ShowJCR/hitfyd GitHub 2025 JCR + CAS
European Radiology,6.0,Q1,"RADIOLOGY, NUCLEAR MEDICINE & MEDICAL IMAGING",2,医学,是,ShowJCR/hitfyd GitHub 2025 JCR + CAS
European Respiratory Journal,23.8,Q1,RESPIRATORY SYSTEM,1,医学,是,ShowJCR/hitfyd GitHub 2025 JCR + CAS
European Urology,29.1,Q1,UROLOGY & NEPHROLOGY,1,医学,是,ShowJCR/hitfyd GitHub 2025 JCR + CAS
Fertility and Sterility,8.1,Q1,OBSTETRICS & GYNECOLOGY,1,医学,是,ShowJCR/hitfyd GitHub 2025 JCR + CAS
Frontiers in Cardiovascular Medicine,3.0,Q2,CARDIAC & CARDIOVASCULAR SYSTEMS,3,医学,否,ShowJCR/hitfyd GitHub 2025 JCR + CAS
Frontiers in Endocrinology,5.7,Q1,ENDOCRINOLOGY & METABOLISM,3,医学,否,ShowJCR/hitfyd GitHub 2025 JCR + CAS
Frontiers in Immunology,7.0,Q1,IMMUNOLOGY,2,医学,否,ShowJCR/hitfyd GitHub 2025 JCR + CAS
Frontiers in Medicine (Dermatology section),3.6,Q1,"MEDICINE, GENERAL & INTERNAL",3,医学,否,ShowJCR/hitfyd GitHub 2025 JCR + CAS
Frontiers in Microbiology,5.8,Q1,MICROBIOLOGY,2,生物学,否,ShowJCR/hitfyd GitHub 2025 JCR + CAS
Frontiers in Neurology,3.3,Q2,CLINICAL NEUROLOGY,3,医学,否,ShowJCR/hitfyd GitHub 2025 JCR + CAS
Frontiers in Oncology,3.4,Q2,ONCOLOGY,3,医学,否,ShowJCR/hitfyd GitHub 2025 JCR + CAS
Frontiers in Pediatrics,2.2,Q2,PEDIATRICS,4,医学,否,ShowJCR/hitfyd GitHub 2025 JCR + CAS
Frontiers in Pharmacology,5.4,Q1,PHARMACOLOGY & PHARMACY,3,医学,否,ShowJCR/hitfyd GitHub 2025 JCR + CAS
Frontiers in Psychiatry,3.8,Q2,PSYCHIATRY,3,医学,否,ShowJCR/hitfyd GitHub 2025 JCR + CAS
Frontiers in Public Health,4.1,Q1,"PUBLIC, ENVIRONMENTAL & OCCUPATIONAL HEALTH",3,医学,否,ShowJCR/hitfyd GitHub 2025 JCR + CAS
Frontiers in Surgery,1.9,Q2,SURGERY,4,医学,否,ShowJCR/hitfyd GitHub 2025 JCR + CAS
Gastroenterology,29.7,Q1,GASTROENTEROLOGY & HEPATOLOGY,1,医学,是,ShowJCR/hitfyd GitHub 2025 JCR + CAS
General Hospital Psychiatry,4.4,Q1,PSYCHIATRY,2,医学,否,ShowJCR/hitfyd GitHub 2025 JCR + CAS
Geriatrics & Gerontology International,2.7,Q3,GERIATRICS & GERONTOLOGY,3,医学,否,ShowJCR/hitfyd GitHub 2025 JCR + CAS
Gut,24.6,Q1,GASTROENTEROLOGY & HEPATOLOGY,1,医学,是,ShowJCR/hitfyd GitHub 2025 JCR + CAS
Gynecologic Oncology,4.5,Q1,OBSTETRICS & GYNECOLOGY,2,医学,是,ShowJCR/hitfyd GitHub 2025 JCR + CAS
Haematologica,8.2,Q1,HEMATOLOGY,1,医学,是,ShowJCR/hitfyd GitHub 2025 JCR + CAS
Head & Neck,2.2,Q1,OTORHINOLARYNGOLOGY,3,医学,否,ShowJCR/hitfyd GitHub 2025 JCR + CAS
Heart,4.4,Q1,CARDIAC & CARDIOVASCULAR SYSTEMS,2,医学,是,ShowJCR/hitfyd GitHub 2025 JCR + CAS
Hepatology,18.0,Q1,GASTROENTEROLOGY & HEPATOLOGY,1,医学,是,ShowJCR/hitfyd GitHub 2025 JCR + CAS
Histopathology,3.8,Q3,CELL BIOLOGY,2,医学,否,ShowJCR/hitfyd GitHub 2025 JCR + CAS
Human Reproduction,6.8,Q1,OBSTETRICS & GYNECOLOGY,1,医学,是,ShowJCR/hitfyd GitHub 2025 JCR + CAS
Human Reproduction Update,20.1,Q1,OBSTETRICS & GYNECOLOGY,1,医学,是,ShowJCR/hitfyd GitHub 2025 JCR + CAS
Insights into Imaging,5.6,Q1,"RADIOLOGY, NUCLEAR MEDICINE & MEDICAL IMAGING",2,医学,是,ShowJCR/hitfyd GitHub 2025 JCR + CAS
Integrative Cancer Therapies,3.1,Q2,INTEGRATIVE & COMPLEMENTARY MEDICINE,4,医学,否,ShowJCR/hitfyd GitHub 2025 JCR + CAS
Intensive Care Medicine,22.0,Q1,CRITICAL CARE MEDICINE,1,医学,是,ShowJCR/hitfyd GitHub 2025 JCR + CAS
International Forum of Allergy & Rhinology,4.9,Q1,OTORHINOLARYNGOLOGY,2,医学,否,ShowJCR/hitfyd GitHub 2025 JCR + CAS
International Journal of Cancer,4.9,Q2,ONCOLOGY,2,医学,否,ShowJCR/hitfyd GitHub 2025 JCR + CAS
International Journal of Epidemiology,5.7,Q1,"PUBLIC, ENVIRONMENTAL & OCCUPATIONAL HEALTH",2,医学,是,ShowJCR/hitfyd GitHub 2025 JCR + CAS
International Journal of Infectious Diseases,4.6,Q1,INFECTIOUS DISEASES,2,医学,否,ShowJCR/hitfyd GitHub 2025 JCR + CAS
International Journal of Nursing Studies,8.7,Q1,NURSING,1,医学,是,ShowJCR/hitfyd GitHub 2025 JCR + CAS
International Journal of Oral Science,17.6,Q1,"DENTISTRY, ORAL SURGERY & MEDICINE",1,医学,是,ShowJCR/hitfyd GitHub 2025 JCR + CAS
International Journal of Public Health,3.2,Q2,"PUBLIC, ENVIRONMENTAL & OCCUPATIONAL HEALTH",3,医学,否,ShowJCR/hitfyd GitHub 2025 JCR + CAS
International Journal of Surgery,9.0,Q1,SURGERY,2,医学,否,ShowJCR/hitfyd GitHub 2025 JCR + CAS
International Nursing Review,4.8,Q1,NURSING,2,医学,否,ShowJCR/hitfyd GitHub 2025 JCR + CAS
Investigative Ophthalmology & Visual Science,5.5,Q1,OPHTHALMOLOGY,2,医学,否,ShowJCR/hitfyd GitHub 2025 JCR + CAS
Investigative Radiology,7.9,Q1,"RADIOLOGY, NUCLEAR MEDICINE & MEDICAL IMAGING",1,医学,是,ShowJCR/hitfyd GitHub 2025 JCR + CAS
Italian Journal of Pediatrics,3.5,Q1,PEDIATRICS,3,医学,否,ShowJCR/hitfyd GitHub 2025 JCR + CAS
JACC,0,,,1,医学,是,ShowJCR/hitfyd GitHub 2025 JCR + CAS
JACC: Cardiovascular Imaging,19.0,Q1,CARDIAC & CARDIOVASCULAR SYSTEMS,1,医学,是,ShowJCR/hitfyd GitHub 2025 JCR + CAS
JACC: Cardiovascular Interventions,12.7,Q1,CARDIAC & CARDIOVASCULAR SYSTEMS,1,医学,是,ShowJCR/hitfyd GitHub 2025 JCR + CAS
JACC: Heart Failure,11.9,Q1,CARDIAC & CARDIOVASCULAR SYSTEMS,1,医学,是,ShowJCR/hitfyd GitHub 2025 JCR + CAS
JAMA,65.4,Q1,"MEDICINE, GENERAL & INTERNAL",1,医学,是,ShowJCR/hitfyd GitHub 2025 JCR + CAS
JAMA Cardiology,15.2,Q1,CARDIAC & CARDIOVASCULAR SYSTEMS,1,医学,是,ShowJCR/hitfyd GitHub 2025 JCR + CAS
JAMA Dermatology,10.9,Q1,DERMATOLOGY,1,医学,是,ShowJCR/hitfyd GitHub 2025 JCR + CAS
JAMA Internal Medicine,26.3,Q1,"MEDICINE, GENERAL & INTERNAL",1,医学,是,ShowJCR/hitfyd GitHub 2025 JCR + CAS
JAMA Network Open,11.7,Q1,"MEDICINE, GENERAL & INTERNAL",1,医学,是,ShowJCR/hitfyd GitHub 2025 JCR + CAS
JAMA Neurology,23.6,Q1,CLINICAL NEUROLOGY,1,医学,是,ShowJCR/hitfyd GitHub 2025 JCR + CAS
JAMA Oncology,23.9,Q1,ONCOLOGY,1,医学,是,ShowJCR/hitfyd GitHub 2025 JCR + CAS
JAMA Ophthalmology,10.5,Q1,OPHTHALMOLOGY,1,医学,是,ShowJCR/hitfyd GitHub 2025 JCR + CAS
JAMA Otolaryngology-Head & Neck Surgery,7.0,Q1,OTORHINOLARYNGOLOGY,1,医学,是,ShowJCR/hitfyd GitHub 2025 JCR + CAS
JAMA Pediatrics,17.1,Q1,PEDIATRICS,1,医学,是,ShowJCR/hitfyd GitHub 2025 JCR + CAS
JAMA Psychiatry,18.0,Q1,PSYCHIATRY,1,医学,是,ShowJCR/hitfyd GitHub 2025 JCR + CAS
JAMA Surgery,15.6,Q1,SURGERY,1,医学,是,ShowJCR/hitfyd GitHub 2025 JCR + CAS
Journal of Advanced Nursing,3.8,Q1,NURSING,2,医学,否,ShowJCR/hitfyd GitHub 2025 JCR + CAS
Journal of Affective Disorders,5.7,Q1,CLINICAL NEUROLOGY,2,医学,是,ShowJCR/hitfyd GitHub 2025 JCR + CAS
Journal of Allergy and Clinical Immunology,11.7,Q1,ALLERGY,1,医学,是,ShowJCR/hitfyd GitHub 2025 JCR + CAS
Journal of Antimicrobial Chemotherapy,4.1,Q1,INFECTIOUS DISEASES,2,医学,否,ShowJCR/hitfyd GitHub 2025 JCR + CAS
Journal of Bone and Joint Surgery (JBJS),4.5,Q1,ORTHOPEDICS,2,医学,否,ShowJCR/hitfyd GitHub 2025 JCR + CAS
Journal of Clinical Anesthesia,6.0,Q1,ANESTHESIOLOGY,2,医学,否,ShowJCR/hitfyd GitHub 2025 JCR + CAS
Journal of Clinical Endocrinology & Metabolism,5.4,Q1,ENDOCRINOLOGY & METABOLISM,2,医学,是,ShowJCR/hitfyd GitHub 2025 JCR + CAS
Journal of Clinical Epidemiology,5.8,Q1,HEALTH CARE SCIENCES & SERVICES,2,医学,是,ShowJCR/hitfyd GitHub 2025 JCR + CAS
Journal of Clinical Medicine,3.3,Q1,"MEDICINE, GENERAL & INTERNAL",3,医学,否,ShowJCR/hitfyd GitHub 2025 JCR + CAS
Journal of Clinical Nursing,3.6,Q1,NURSING,3,医学,否,ShowJCR/hitfyd GitHub 2025 JCR + CAS
Journal of Clinical Oncology,44.7,Q1,ONCOLOGY,1,医学,是,ShowJCR/hitfyd GitHub 2025 JCR + CAS
Journal of Clinical Periodontology,8.3,Q1,"DENTISTRY, ORAL SURGERY & MEDICINE",1,医学,是,ShowJCR/hitfyd GitHub 2025 JCR + CAS
Journal of Critical Care,3.5,Q2,CRITICAL CARE MEDICINE,3,医学,否,ShowJCR/hitfyd GitHub 2025 JCR + CAS
Journal of Dental Research,6.6,Q1,"DENTISTRY, ORAL SURGERY & MEDICINE",1,医学,是,ShowJCR/hitfyd GitHub 2025 JCR + CAS
Journal of Epidemiology and Community Health,3.4,Q1,"PUBLIC, ENVIRONMENTAL & OCCUPATIONAL HEALTH",2,医学,否,ShowJCR/hitfyd GitHub 2025 JCR + CAS
Journal of Ethnopharmacology,6.8,Q1,"CHEMISTRY, MEDICINAL",2,医学,否,ShowJCR/hitfyd GitHub 2025 JCR + CAS
Journal of Evidence-Based Medicine,13.3,Q1,"MEDICINE, RESEARCH & EXPERIMENTAL",1,医学,是,ShowJCR/hitfyd GitHub 2025 JCR + CAS
Journal of Gastroenterology,5.7,Q1,GASTROENTEROLOGY & HEPATOLOGY,1,医学,是,ShowJCR/hitfyd GitHub 2025 JCR + CAS
Journal of Gastrointestinal Oncology,2.1,Q3,GASTROENTEROLOGY & HEPATOLOGY,4,医学,否,ShowJCR/hitfyd GitHub 2025 JCR + CAS
Journal of General Internal Medicine,4.1,Q1,HEALTH CARE SCIENCES & SERVICES,2,医学,否,ShowJCR/hitfyd GitHub 2025 JCR + CAS
Journal of Hematology & Oncology,47.8,Q1,HEMATOLOGY,1,医学,是,ShowJCR/hitfyd GitHub 2025 JCR + CAS
Journal of Hepatology,40.1,Q1,GASTROENTEROLOGY & HEPATOLOGY,1,医学,是,ShowJCR/hitfyd GitHub 2025 JCR + CAS
Journal of Human Nutrition and Dietetics,2.3,Q3,NUTRITION & DIETETICS,4,医学,否,ShowJCR/hitfyd GitHub 2025 JCR + CAS
Journal of Infection,10.0,Q1,INFECTIOUS DISEASES,2,医学,否,ShowJCR/hitfyd GitHub 2025 JCR + CAS
Journal of Integrative Medicine,13.3,Q1,"MEDICINE, RESEARCH & EXPERIMENTAL",4,医学,否,ShowJCR/hitfyd GitHub 2025 JCR + CAS
Journal of Investigative Dermatology,7.0,Q1,DERMATOLOGY,2,医学,否,ShowJCR/hitfyd GitHub 2025 JCR + CAS
Journal of Nursing Scholarship,3.9,Q1,NURSING,3,医学,否,ShowJCR/hitfyd GitHub 2025 JCR + CAS
Journal of Orthopaedic Surgery and Research,3.8,Q1,ORTHOPEDICS,3,医学,否,ShowJCR/hitfyd GitHub 2025 JCR + CAS
Journal of Pain,4.4,Q1,CLINICAL NEUROLOGY,2,医学,否,ShowJCR/hitfyd GitHub 2025 JCR + CAS
Journal of Pathology,5.4,Q1,ONCOLOGY,2,医学,否,ShowJCR/hitfyd GitHub 2025 JCR + CAS
Journal of Pediatrics,3.6,Q1,PEDIATRICS,2,医学,是,ShowJCR/hitfyd GitHub 2025 JCR + CAS
Journal of Psychosomatic Research,3.3,Q2,PSYCHIATRY,3,医学,否,ShowJCR/hitfyd GitHub 2025 JCR + CAS
Journal of the Academy of Consultation-Liaison Psychiatry,2.7,Q2,PSYCHIATRY,4,心理学,否,ShowJCR/hitfyd GitHub 2025 JCR + CAS
Journal of the American Academy of Dermatology,12.3,Q1,DERMATOLOGY,1,医学,是,ShowJCR/hitfyd GitHub 2025 JCR + CAS
Journal of the American College of Surgeons,3.2,Q1,SURGERY,2,医学,否,ShowJCR/hitfyd GitHub 2025 JCR + CAS
Journal of the American Geriatrics Society,4.6,Q2,GERIATRICS & GERONTOLOGY,2,医学,否,ShowJCR/hitfyd GitHub 2025 JCR + CAS
Journal of the American Medical Directors Association,3.4,Q2,GERIATRICS & GERONTOLOGY,2,医学,否,ShowJCR/hitfyd GitHub 2025 JCR + CAS
Journal of the American Society of Nephrology,9.7,Q1,UROLOGY & NEPHROLOGY,1,医学,是,ShowJCR/hitfyd GitHub 2025 JCR + CAS
Journal of the European Academy of Dermatology and Venereology,9.2,Q1,DERMATOLOGY,2,医学,是,ShowJCR/hitfyd GitHub 2025 JCR + CAS
Journal of Urology,9.7,Q1,UROLOGY & NEPHROLOGY,2,医学,否,ShowJCR/hitfyd GitHub 2025 JCR + CAS
Kidney International,21.8,Q1,UROLOGY & NEPHROLOGY,1,医学,是,ShowJCR/hitfyd GitHub 2025 JCR + CAS
"Knee Surgery, Sports Traumatology, Arthroscopy",5.5,Q1,ORTHOPEDICS,2,医学,否,ShowJCR/hitfyd GitHub 2025 JCR + CAS
Leukemia,8.8,Q1,HEMATOLOGY,1,医学,是,ShowJCR/hitfyd GitHub 2025 JCR + CAS
Medicine (Baltimore),2.0,Q2,"MEDICINE, GENERAL & INTERNAL",4,医学,否,ShowJCR/hitfyd GitHub 2025 JCR + CAS
Metabolism,16.7,Q1,ENDOCRINOLOGY & METABOLISM,1,医学,是,ShowJCR/hitfyd GitHub 2025 JCR + CAS
Modern Pathology,6.6,Q1,PATHOLOGY,1,医学,是,ShowJCR/hitfyd GitHub 2025 JCR + CAS
Molecular Psychiatry,10.4,Q1,BIOCHEMISTRY & MOLECULAR BIOLOGY,1,医学,是,ShowJCR/hitfyd GitHub 2025 JCR + CAS
Nature Reviews Cardiology,50.2,Q1,CARDIAC & CARDIOVASCULAR SYSTEMS,1,医学,是,ShowJCR/hitfyd GitHub 2025 JCR + CAS
Nature Reviews Endocrinology,39.1,Q1,ENDOCRINOLOGY & METABOLISM,1,医学,是,ShowJCR/hitfyd GitHub 2025 JCR + CAS
Nature Reviews Gastroenterology & Hepatology,57.5,Q1,GASTROENTEROLOGY & HEPATOLOGY,1,医学,是,ShowJCR/hitfyd GitHub 2025 JCR + CAS
Nature Reviews Nephrology,46.7,Q1,UROLOGY & NEPHROLOGY,1,医学,是,ShowJCR/hitfyd GitHub 2025 JCR + CAS
Nature Reviews Rheumatology,33.7,Q1,RHEUMATOLOGY,1,医学,是,ShowJCR/hitfyd GitHub 2025 JCR + CAS
NEJM,84.5,Q1,"MEDICINE, GENERAL & INTERNAL",1,医学,是,ShowJCR/hitfyd GitHub 2025 JCR + CAS
Nephrology Dialysis Transplantation,8.3,Q1,TRANSPLANTATION,2,医学,否,ShowJCR/hitfyd GitHub 2025 JCR + CAS
Neurology,8.9,Q1,CLINICAL NEUROLOGY,1,医学,是,ShowJCR/hitfyd GitHub 2025 JCR + CAS
Nurse Education Today,4.7,Q1,"EDUCATION, SCIENTIFIC DISCIPLINES",2,教育学,否,ShowJCR/hitfyd GitHub 2025 JCR + CAS
Nutrients,5.8,Q1,NUTRITION & DIETETICS,2,医学,否,ShowJCR/hitfyd GitHub 2025 JCR + CAS
Nutrition,3.6,Q2,NUTRITION & DIETETICS,3,医学,否,ShowJCR/hitfyd GitHub 2025 JCR + CAS
Nutrition Reviews,6.3,Q1,NUTRITION & DIETETICS,2,医学,是,ShowJCR/hitfyd GitHub 2025 JCR + CAS
"Nutrition, Metabolism and Cardiovascular Diseases",3.9,Q2,CARDIAC & CARDIOVASCULAR SYSTEMS,3,医学,否,ShowJCR/hitfyd GitHub 2025 JCR + CAS
Obesity Reviews,7.6,Q1,ENDOCRINOLOGY & METABOLISM,2,医学,是,ShowJCR/hitfyd GitHub 2025 JCR + CAS
Obstetrics & Gynecology,5.1,Q1,OBSTETRICS & GYNECOLOGY,2,医学,是,ShowJCR/hitfyd GitHub 2025 JCR + CAS
Oncology Letters,2.1,Q3,ONCOLOGY,4,医学,否,ShowJCR/hitfyd GitHub 2025 JCR + CAS
Open Forum Infectious Diseases,3.8,Q2,IMMUNOLOGY,4,医学,否,ShowJCR/hitfyd GitHub 2025 JCR + CAS
Ophthalmology,10.9,Q1,OPHTHALMOLOGY,1,医学,是,ShowJCR/hitfyd GitHub 2025 JCR + CAS
Oral Oncology,4.0,Q1,"DENTISTRY, ORAL SURGERY & MEDICINE",2,医学,否,ShowJCR/hitfyd GitHub 2025 JCR + CAS
Osteoarthritis and Cartilage,9.2,Q1,ORTHOPEDICS,1,医学,是,ShowJCR/hitfyd GitHub 2025 JCR + CAS
Otolaryngology-Head and Neck Surgery,2.6,Q1,OTORHINOLARYNGOLOGY,3,医学,否,ShowJCR/hitfyd GitHub 2025 JCR + CAS
Pain,5.8,Q1,ANESTHESIOLOGY,1,医学,是,ShowJCR/hitfyd GitHub 2025 JCR + CAS
Pediatric Allergy and Immunology,4.5,Q2,ALLERGY,2,医学,否,ShowJCR/hitfyd GitHub 2025 JCR + CAS
Pediatric Research,3.3,Q1,PEDIATRICS,3,医学,否,ShowJCR/hitfyd GitHub 2025 JCR + CAS
Pediatrics,6.1,Q1,PEDIATRICS,2,医学,是,ShowJCR/hitfyd GitHub 2025 JCR + CAS
Phytomedicine,11.3,Q1,"CHEMISTRY, MEDICINAL",1,医学,是,ShowJCR/hitfyd GitHub 2025 JCR + CAS
PLOS Global Public Health,2.8,Q2,"PUBLIC, ENVIRONMENTAL & OCCUPATIONAL HEALTH",3,医学,否,ShowJCR/hitfyd GitHub 2025 JCR + CAS
PLOS Medicine,9.9,Q1,"MEDICINE, GENERAL & INTERNAL",1,医学,是,ShowJCR/hitfyd GitHub 2025 JCR + CAS
Preventive Medicine,3.2,Q1,"MEDICINE, GENERAL & INTERNAL",2,医学,否,ShowJCR/hitfyd GitHub 2025 JCR + CAS
Progress in Retinal and Eye Research,16.2,Q1,OPHTHALMOLOGY,1,医学,是,ShowJCR/hitfyd GitHub 2025 JCR + CAS
Psychological Medicine,5.2,Q1,PSYCHIATRY,2,医学,是,ShowJCR/hitfyd GitHub 2025 JCR + CAS
Psychosomatic Medicine,2.8,Q2,PSYCHIATRY,3,医学,否,ShowJCR/hitfyd GitHub 2025 JCR + CAS
Radiology,17.6,Q1,"RADIOLOGY, NUCLEAR MEDICINE & MEDICAL IMAGING",1,医学,是,ShowJCR/hitfyd GitHub 2025 JCR + CAS
Radiology: Cardiothoracic Imaging,17.6,Q1,"RADIOLOGY, NUCLEAR MEDICINE & MEDICAL IMAGING",4,医学,否,ShowJCR/hitfyd GitHub 2025 JCR + CAS
Regional Anesthesia and Pain Medicine,4.0,Q1,ANESTHESIOLOGY,2,医学,是,ShowJCR/hitfyd GitHub 2025 JCR + CAS
Research Synthesis Methods,8.0,Q1,MATHEMATICAL & COMPUTATIONAL BIOLOGY,2,生物学,否,ShowJCR/hitfyd GitHub 2025 JCR + CAS
Respiratory Research,5.7,Q1,RESPIRATORY SYSTEM,2,医学,否,ShowJCR/hitfyd GitHub 2025 JCR + CAS
Retina,2.1,Q3,OPHTHALMOLOGY,3,医学,否,ShowJCR/hitfyd GitHub 2025 JCR + CAS
Rheumatology,4.7,Q1,RHEUMATOLOGY,2,医学,否,ShowJCR/hitfyd GitHub 2025 JCR + CAS
RMD Open,5.3,Q1,RHEUMATOLOGY,2,医学,是,ShowJCR/hitfyd GitHub 2025 JCR + CAS
Seminars in Arthritis and Rheumatism,3.8,Q2,RHEUMATOLOGY,2,医学,是,ShowJCR/hitfyd GitHub 2025 JCR + CAS
Social Science & Medicine,4.1,Q1,"PUBLIC, ENVIRONMENTAL & OCCUPATIONAL HEALTH",2,医学,是,ShowJCR/hitfyd GitHub 2025 JCR + CAS
Sports Medicine,11.0,Q1,SPORT SCIENCES,1,医学,是,ShowJCR/hitfyd GitHub 2025 JCR + CAS
Surgical Endoscopy,3.3,Q1,SURGERY,2,医学,否,ShowJCR/hitfyd GitHub 2025 JCR + CAS
Systematic Reviews,5.7,Q1,"MEDICINE, GENERAL & INTERNAL",3,医学,否,ShowJCR/hitfyd GitHub 2025 JCR + CAS
The American Journal of Clinical Nutrition,7.1,Q1,NUTRITION & DIETETICS,1,医学,是,ShowJCR/hitfyd GitHub 2025 JCR + CAS
The American Journal of Sports Medicine,5.4,Q1,ORTHOPEDICS,1,医学,是,ShowJCR/hitfyd GitHub 2025 JCR + CAS
The BMJ,55.1,Q1,"MEDICINE, GENERAL & INTERNAL",1,医学,是,ShowJCR/hitfyd GitHub 2025 JCR + CAS
The Bone & Joint Journal,4.8,Q1,ORTHOPEDICS,1,医学,是,ShowJCR/hitfyd GitHub 2025 JCR + CAS
The Journal of Allergy and Clinical Immunology: In Practice,11.7,Q1,ALLERGY,1,医学,是,ShowJCR/hitfyd GitHub 2025 JCR + CAS
"The Journal of Neurology, Neurosurgery and Psychiatry",7.7,Q1,CLINICAL NEUROLOGY,1,医学,是,ShowJCR/hitfyd GitHub 2025 JCR + CAS
The Journals of Gerontology: Series A,4.6,Q2,GERIATRICS & GERONTOLOGY,3,医学,否,ShowJCR/hitfyd GitHub 2025 JCR + CAS
The Lancet,109.0,Q1,"MEDICINE, GENERAL & INTERNAL",1,医学,是,ShowJCR/hitfyd GitHub 2025 JCR + CAS
The Lancet Child & Adolescent Health,13.4,Q1,PEDIATRICS,1,医学,是,ShowJCR/hitfyd GitHub 2025 JCR + CAS
The Lancet Diabetes & Endocrinology,36.3,Q1,ENDOCRINOLOGY & METABOLISM,1,医学,是,ShowJCR/hitfyd GitHub 2025 JCR + CAS
The Lancet Gastroenterology & Hepatology,39.1,Q1,GASTROENTEROLOGY & HEPATOLOGY,1,医学,是,ShowJCR/hitfyd GitHub 2025 JCR + CAS
The Lancet Haematology,20.4,Q1,HEMATOLOGY,1,医学,是,ShowJCR/hitfyd GitHub 2025 JCR + CAS
The Lancet Healthy Longevity,20.5,Q1,GERIATRICS & GERONTOLOGY,1,医学,是,ShowJCR/hitfyd GitHub 2025 JCR + CAS
The Lancet Infectious Diseases,29.4,Q1,INFECTIOUS DISEASES,1,医学,是,ShowJCR/hitfyd GitHub 2025 JCR + CAS
The Lancet Microbe,21.9,Q1,INFECTIOUS DISEASES,1,生物学,是,ShowJCR/hitfyd GitHub 2025 JCR + CAS
The Lancet Neurology,54.6,Q1,CLINICAL NEUROLOGY,1,医学,是,ShowJCR/hitfyd GitHub 2025 JCR + CAS
The Lancet Oncology,33.7,Q1,ONCOLOGY,1,医学,是,ShowJCR/hitfyd GitHub 2025 JCR + CAS
The Lancet Psychiatry,21.1,Q1,PSYCHIATRY,1,医学,是,ShowJCR/hitfyd GitHub 2025 JCR + CAS
The Lancet Public Health,26.5,Q1,"PUBLIC, ENVIRONMENTAL & OCCUPATIONAL HEALTH",1,医学,是,ShowJCR/hitfyd GitHub 2025 JCR + CAS
The Lancet Respiratory Medicine,34.7,Q1,CRITICAL CARE MEDICINE,1,医学,是,ShowJCR/hitfyd GitHub 2025 JCR + CAS
The Lancet Rheumatology,29.5,Q1,RHEUMATOLOGY,1,医学,是,ShowJCR/hitfyd GitHub 2025 JCR + CAS
The Laryngoscope,2.0,Q3,"MEDICINE, RESEARCH & EXPERIMENTAL",3,医学,否,ShowJCR/hitfyd GitHub 2025 JCR + CAS
Thorax,9.1,Q1,RESPIRATORY SYSTEM,1,医学,是,ShowJCR/hitfyd GitHub 2025 JCR + CAS
Thrombosis and Haemostasis,5.2,Q1,HEMATOLOGY,2,医学,是,ShowJCR/hitfyd GitHub 2025 JCR + CAS
Thrombosis Research,3.4,Q2,HEMATOLOGY,3,医学,否,ShowJCR/hitfyd GitHub 2025 JCR + CAS
Ultrasound in Obstetrics & Gynecology,5.3,Q1,ACOUSTICS,1,医学,是,ShowJCR/hitfyd GitHub 2025 JCR + CAS
United European Gastroenterology Journal,6.4,Q1,GASTROENTEROLOGY & HEPATOLOGY,2,医学,否,ShowJCR/hitfyd GitHub 2025 JCR + CAS
Urologic Oncology,2.8,Q3,ONCOLOGY,3,医学,否,ShowJCR/hitfyd GitHub 2025 JCR + CAS
Virchows Archiv,3.0,Q2,PATHOLOGY,2,医学,否,ShowJCR/hitfyd GitHub 2025 JCR + CAS
World Journal of Gastroenterology,7.7,Q1,GASTROENTEROLOGY & HEPATOLOGY,3,医学,否,ShowJCR/hitfyd GitHub 2025 JCR + CAS
World Journal of Surgery,2.2,Q2,SURGERY,3,医学,否,ShowJCR/hitfyd GitHub 2025 JCR + CAS
World Psychiatry,79.5,Q1,PSYCHIATRY,1,医学,是,ShowJCR/hitfyd GitHub 2025 JCR + CAS
Worldviews on Evidence-Based Nursing,5.3,Q1,NURSING,2,医学,否,ShowJCR/hitfyd GitHub 2025 JCR + CAS
